Date,ticker,mention_count,percent_change
2021-01-28,AMC,214.0,0.0
2021-01-29,AMC,2276.0,0.42950748366262864
2021-02-01,AMC,151.0,0.003012047549885274
2021-02-01,AMC,98.0,0.003012047549885274
2021-02-01,AMC,89.0,0.003012047549885274
2021-02-02,AMC,125.0,-0.5310794730598729
2021-02-03,AMC,244.0,0.13720112933100007
2021-02-04,AMC,203.0,-0.23520034377420207
2021-02-05,AMC,317.0,-0.037360699653318105
2021-02-08,AMC,302.0,-0.10000641871960485
2021-02-08,AMC,42.0,-0.10000641871960485
2021-02-08,AMC,36.0,-0.10000641871960485
2021-02-09,AMC,16.0,-0.1165701514542519
2021-02-10,AMC,24.0,0.053109858199269055
2021-02-11,AMC,12.0,-0.033307207103730634
2021-02-12,AMC,10.0,-0.003571428870374839
2021-02-15,AMC,9.0,
2021-02-15,AMC,6.0,
2021-02-16,AMC,4.0,0.010676247573951962
2021-02-16,AMC,6.0,0.010676247573951962
2021-02-17,AMC,8.0,-0.017857599912556258
2021-02-18,AMC,11.0,-0.0072332974208092074
2021-02-19,AMC,11.0,0.033901476674071666
2021-02-22,AMC,13.0,0.1389989373887394
2021-02-22,AMC,11.0,0.1389989373887394
2021-02-22,AMC,4.0,0.1389989373887394
2021-02-23,AMC,20.0,0.16175522532188982
2021-02-24,AMC,12.0,0.16595462088685756
2021-02-25,AMC,29.0,-0.09212496043009519
2021-02-26,AMC,35.0,-0.03435917489085989
2021-03-01,AMC,18.0,0.13633644822116894
2021-03-01,AMC,12.0,0.13633644822116894
2021-03-01,AMC,12.0,0.13633644822116894
2021-03-02,AMC,25.0,-0.02761080881332097
2021-03-03,AMC,23.0,-0.03998252445482404
2021-03-04,AMC,26.0,-0.06624940990303181
2021-03-05,AMC,25.0,0.0024876204194728023
2021-03-08,AMC,24.0,0.1432664335952632
2021-03-08,AMC,10.0,0.1432664335952632
2021-03-08,AMC,4.0,0.1432664335952632
2021-03-09,AMC,10.0,0.12243670844397092
2021-03-10,AMC,31.0,-0.06390376325158985
2021-03-11,AMC,52.0,0.04272874013956596
2021-03-12,AMC,16.0,0.08213570922896114
2021-03-15,AMC,12.0,0.2295744526002294
2021-03-15,AMC,6.0,0.2295744526002294
2021-03-15,AMC,6.0,0.2295744526002294
2021-03-16,AMC,36.0,-0.07542372394172156
2021-03-17,AMC,20.0,0.04063764151851059
2021-03-18,AMC,13.0,0.03193301615782521
2021-03-19,AMC,6.0,-0.005012519915735403
2021-03-22,AMC,7.0,-0.10911650388724413
2021-03-22,AMC,2.0,-0.10911650388724413
2021-03-22,AMC,5.0,-0.10911650388724413
2021-03-23,AMC,8.0,-0.15842990138864177
2021-03-24,AMC,8.0,-0.16705401959925353
2021-03-25,AMC,15.0,0.1929813738132624
2021-03-26,AMC,12.0,-0.06612416137802653
2021-03-29,AMC,6.0,0.010684959308736123
2021-03-29,AMC,0.0,0.010684959308736123
2021-03-29,AMC,6.0,0.010684959308736123
2021-03-30,AMC,3.0,0.0
2021-03-31,AMC,3.0,-0.013618920655545288
2021-04-01,AMC,2.0,-0.08692238210309187
2021-04-05,AMC,2.0,0.1253516664577603
2021-04-05,AMC,2.0,0.1253516664577603
2021-04-05,AMC,1.0,0.1253516664577603
2021-04-05,AMC,1.0,0.1253516664577603
2021-04-06,AMC,4.0,-0.03940921867675014
2021-04-07,AMC,1.0,-0.03491620767884109
2021-04-08,AMC,1.0,-0.006110041265993058
2021-04-09,AMC,1.0,-0.03852635595847817
2021-04-12,AMC,1.0,-0.0887500252880235
2021-04-12,AMC,1.0,-0.0887500252880235
2021-04-12,AMC,3.0,-0.0887500252880235
2021-04-13,AMC,7.0,0.025201822511232434
2021-04-14,AMC,4.0,0.05608949018887051
2021-04-15,AMC,4.0,0.05715833450875195
2021-04-16,AMC,4.0,-0.0592997119262672
2021-04-19,AMC,2.0,0.03475862574659801
2021-04-19,AMC,2.0,0.03475862574659801
2021-04-19,AMC,2.0,0.03475862574659801
2021-04-20,AMC,1.0,-0.04013211440512592
2021-04-21,AMC,2.0,0.05247793871971383
2021-04-22,AMC,2.0,0.021245113006200717
2021-04-23,AMC,2.0,0.01687385738247531
2021-04-26,AMC,3.0,0.12388860823736177
2021-04-26,AMC,1.0,0.12388860823736177
2021-04-26,AMC,0.0,0.12388860823736177
2021-04-27,AMC,3.0,-0.0034843207539046917
2021-04-28,AMC,5.0,-0.05469759947033161
2021-04-29,AMC,4.0,-0.06177741355423928
2021-04-30,AMC,1.0,-0.016807126239896834
2021-05-03,AMC,0.0,-0.03242428911897102
2021-05-05,AMC,2.0,-0.023708035194440612
2021-05-06,AMC,4.0,-0.01871271725210451
2021-05-07,AMC,11.0,0.05511932328856983
2021-05-10,AMC,4.0,0.023897193530492283
2021-05-10,AMC,0.0,0.023897193530492283
2021-05-10,AMC,3.0,0.023897193530492283
2021-05-11,AMC,1.0,0.03133155932839626
2021-05-12,AMC,4.0,0.026511076998441747
2021-05-13,AMC,2.0,0.2130149754091304
2021-05-14,AMC,11.0,0.016310970117846407
2021-05-17,AMC,6.0,0.072069818585528
2021-05-17,AMC,1.0,0.072069818585528
2021-05-17,AMC,1.0,0.072069818585528
2021-05-18,AMC,5.0,0.005718380487042847
2021-05-19,AMC,5.0,-0.10433145920134611
2021-05-20,AMC,4.0,-0.00714573510453144
2021-05-21,AMC,2.0,-0.038169494584844886
2021-05-24,AMC,3.0,0.12438374831163039
2021-05-24,AMC,1.0,0.12438374831163039
2021-05-24,AMC,2.0,0.12438374831163039
2021-05-25,AMC,2.0,0.18195596130095437
2021-05-26,AMC,10.0,0.17559574149958213
2021-05-27,AMC,15.0,0.3044125452756235
2021-05-28,AMC,38.0,-0.01519784604058975
2021-05-31,AMC,14.0,
2021-05-31,AMC,10.0,
2021-06-01,AMC,3.0,
2021-06-01,AMC,5.0,
2021-01-28,GME,419.0,0.0
2021-01-29,GME,4677.0,0.5180309759608377
2021-02-01,GME,528.0,-0.3677247801253174
2021-02-01,GME,410.0,-0.3677247801253174
2021-02-01,GME,342.0,-0.3677247801253174
2021-02-02,GME,450.0,-0.916290731874155
2021-02-03,GME,738.0,0.026425567198612724
2021-02-04,GME,544.0,-0.546553583626917
2021-02-05,GME,947.0,0.17560121360357403
2021-02-08,GME,939.0,-0.060938305283434094
2021-02-08,GME,220.0,-0.060938305283434094
2021-02-08,GME,97.0,-0.060938305283434094
2021-02-09,GME,60.0,-0.17614067042229237
2021-02-10,GME,87.0,0.01753565514681486
2021-02-11,GME,41.0,-0.0019550795976088367
2021-02-12,GME,31.0,0.025122153097808058
2021-02-15,GME,53.0,
2021-02-15,GME,35.0,
2021-02-16,GME,14.0,-0.056731984975062766
2021-02-16,GME,17.0,-0.056731984975062766
2021-02-17,GME,22.0,-0.07483846810395155
2021-02-18,GME,43.0,-0.12135383910429662
2021-02-19,GME,56.0,-0.0024605936534568885
2021-02-22,GME,46.0,0.12511966187904028
2021-02-22,GME,41.0,0.12511966187904028
2021-02-22,GME,19.0,0.12511966187904028
2021-02-23,GME,50.0,-0.02264576856164668
2021-02-24,GME,31.0,0.7126357866605526
2021-02-25,GME,62.0,0.17023636129568961
2021-02-26,GME,168.0,-0.06644725748602932
2021-03-01,GME,86.0,0.16839902715047234
2021-03-01,GME,47.0,0.16839902715047234
2021-03-01,GME,44.0,0.16839902715047234
2021-03-02,GME,85.0,-0.01861065704830851
2021-03-03,GME,130.0,0.049523239894449594
2021-03-04,GME,114.0,0.0637178463953111
2021-03-05,GME,95.0,0.039917915207640264
2021-03-08,GME,92.0,0.3450642730612754
2021-03-08,GME,42.0,0.3450642730612754
2021-03-08,GME,37.0,0.3450642730612754
2021-03-09,GME,85.0,0.23855120857203468
2021-03-10,GME,161.0,0.07074645435568658
2021-03-11,GME,166.0,-0.019048194970694474
2021-03-12,GME,87.0,0.017159620282826284
2021-03-15,GME,60.0,-0.18357754647566926
2021-03-15,GME,42.0,-0.18357754647566926
2021-03-15,GME,31.0,-0.18357754647566926
2021-03-16,GME,70.0,-0.05590866003907613
2021-03-17,GME,73.0,0.007847302848728518
2021-03-18,GME,46.0,-0.03917304048227906
2021-03-19,GME,46.0,-0.0073628296992218
2021-03-22,GME,34.0,-0.02928570135188194
2021-03-22,GME,15.0,-0.02928570135188194
2021-03-22,GME,11.0,-0.02928570135188194
2021-03-23,GME,21.0,-0.06774865968532577
2021-03-24,GME,38.0,-0.41231107705277953
2021-03-25,GME,44.0,0.4232550987320968
2021-03-26,GME,44.0,-0.015079106827120305
2021-03-29,GME,30.0,0.0016561033276205144
2021-03-29,GME,10.0,0.0016561033276205144
2021-03-29,GME,9.0,0.0016561033276205144
2021-03-30,GME,11.0,0.07007338631376198
2021-03-31,GME,7.0,-0.024150227619788807
2021-04-01,GME,22.0,0.008550368695649931
2021-04-05,GME,11.0,-0.02378547688387186
2021-04-05,GME,6.0,-0.02378547688387186
2021-04-05,GME,3.0,-0.02378547688387186
2021-04-05,GME,7.0,-0.02378547688387186
2021-04-06,GME,9.0,-0.013191721618615527
2021-04-07,GME,12.0,-0.03603445985964885
2021-04-08,GME,8.0,-0.04428835542840827
2021-04-09,GME,20.0,-0.07245572210039196
2021-04-12,GME,16.0,-0.11547296742290604
2021-04-12,GME,8.0,-0.11547296742290604
2021-04-12,GME,11.0,-0.11547296742290604
2021-04-13,GME,14.0,-0.0007089538305840706
2021-04-14,GME,15.0,0.16648646120130753
2021-04-15,GME,9.0,-0.06250290054661377
2021-04-16,GME,13.0,-0.011249435462189676
2021-04-19,GME,13.0,0.06069682448106026
2021-04-19,GME,4.0,0.06069682448106026
2021-04-19,GME,3.0,0.06069682448106026
2021-04-20,GME,6.0,-0.03617611235721001
2021-04-21,GME,8.0,-0.00012619400019626937
2021-04-22,GME,3.0,-0.04741262890673755
2021-04-23,GME,4.0,6.61121689580103e-05
2021-04-26,GME,4.0,0.11101325316108407
2021-04-26,GME,1.0,0.11101325316108407
2021-04-26,GME,6.0,0.11101325316108407
2021-04-27,GME,17.0,0.051006219390133015
2021-04-28,GME,6.0,0.00454608637424639
2021-04-29,GME,7.0,-0.013473718283279212
2021-04-30,GME,3.0,-0.01486679627506295
2021-05-03,GME,3.0,-0.06786605291761291
2021-05-05,GME,1.0,-0.007807416276241293
2021-05-06,GME,12.0,0.009547945016728529
2021-05-07,GME,26.0,0.0006209245513761252
2021-05-10,GME,11.0,-0.1177054471892439
2021-05-10,GME,3.0,-0.1177054471892439
2021-05-10,GME,10.0,-0.1177054471892439
2021-05-11,GME,5.0,0.0255062903864632
2021-05-12,GME,8.0,-0.014603838064888802
2021-05-13,GME,4.0,0.1276261997817858
2021-05-14,GME,14.0,-0.02823689146309877
2021-05-17,GME,11.0,0.12161099603632422
2021-05-17,GME,2.0,0.12161099603632422
2021-05-17,GME,2.0,0.12161099603632422
2021-05-18,GME,5.0,0.00038747787238162663
2021-05-19,GME,6.0,-0.06777985031637868
2021-05-20,GME,3.0,0.009784373862344984
2021-05-21,GME,1.0,0.03628587334442094
2021-05-24,GME,9.0,0.018049824845309002
2021-05-24,GME,2.0,0.018049824845309002
2021-05-24,GME,5.0,0.018049824845309002
2021-05-25,GME,2.0,0.1513771452915326
2021-05-26,GME,12.0,0.14685957271057998
2021-05-27,GME,13.0,0.046596873936564066
2021-05-28,GME,13.0,-0.13516858445312704
2021-05-31,GME,2.0,
2021-05-31,GME,8.0,
2021-06-01,GME,5.0,
2021-06-01,GME,2.0,
2021-01-28,CLOV,1.0,0.0
2021-01-29,CLOV,0.0,-0.008565354841851947
2021-02-01,CLOV,0.0,-0.010086496788435121
2021-02-01,CLOV,0.0,-0.010086496788435121
2021-02-01,CLOV,0.0,-0.010086496788435121
2021-02-02,CLOV,0.0,0.01151919457712666
2021-02-03,CLOV,2.0,-0.0014326977886916132
2021-02-04,CLOV,4.0,-0.13158758232511675
2021-02-05,CLOV,11.0,0.055658304116406626
2021-02-08,CLOV,13.0,-0.044276039233006825
2021-02-08,CLOV,2.0,-0.044276039233006825
2021-02-08,CLOV,1.0,-0.044276039233006825
2021-02-09,CLOV,0.0,0.061907737149438924
2021-02-10,CLOV,1.0,-0.05145326999409109
2021-02-11,CLOV,0.0,-0.03998898915875849
2021-02-12,CLOV,0.0,0.005811531041447916
2021-02-15,CLOV,0.0,
2021-02-15,CLOV,0.0,
2021-02-16,CLOV,0.0,-0.05007411425037097
2021-02-16,CLOV,1.0,-0.05007411425037097
2021-02-17,CLOV,0.0,-0.014906026124528668
2021-02-18,CLOV,0.0,-0.04425099184783159
2021-02-19,CLOV,0.0,0.01375534042248958
2021-02-22,CLOV,0.0,0.009066280042699298
2021-02-22,CLOV,0.0,0.009066280042699298
2021-02-22,CLOV,0.0,0.009066280042699298
2021-02-23,CLOV,0.0,-0.08964034487558278
2021-02-24,CLOV,0.0,0.020518554279512564
2021-02-25,CLOV,0.0,-0.06286359760547136
2021-02-26,CLOV,0.0,-0.03244663753778943
2021-03-01,CLOV,1.0,0.09820736251159595
2021-03-01,CLOV,0.0,0.09820736251159595
2021-03-01,CLOV,0.0,0.09820736251159595
2021-03-02,CLOV,0.0,-0.13725784102138025
2021-03-03,CLOV,1.0,-0.0866092056386485
2021-03-04,CLOV,1.0,-0.12854642375785288
2021-03-05,CLOV,0.0,0.07273531303727154
2021-03-08,CLOV,0.0,-0.06453855357547295
2021-03-08,CLOV,2.0,-0.06453855357547295
2021-03-08,CLOV,0.0,-0.06453855357547295
2021-03-09,CLOV,0.0,0.10821354638014213
2021-03-10,CLOV,0.0,-0.009816020835667759
2021-03-11,CLOV,0.0,0.0667709737981546
2021-03-12,CLOV,0.0,0.027305424765039665
2021-03-15,CLOV,0.0,-0.003935888995773583
2021-03-15,CLOV,0.0,-0.003935888995773583
2021-03-15,CLOV,2.0,-0.003935888995773583
2021-03-16,CLOV,0.0,-0.03031405679672512
2021-03-17,CLOV,0.0,0.016129421804768656
2021-03-18,CLOV,1.0,-0.032523160179136874
2021-03-19,CLOV,1.0,0.004711429290528981
2021-03-22,CLOV,0.0,0.032372737876355355
2021-03-22,CLOV,0.0,0.032372737876355355
2021-03-22,CLOV,0.0,0.032372737876355355
2021-03-23,CLOV,2.0,-0.06098014296935406
2021-03-24,CLOV,1.0,-0.07531793906169257
2021-03-25,CLOV,0.0,0.019367951182578152
2021-03-26,CLOV,0.0,-0.029852964997457484
2021-03-29,CLOV,0.0,-0.03349274809637986
2021-03-29,CLOV,0.0,-0.03349274809637986
2021-03-29,CLOV,0.0,-0.03349274809637986
2021-03-30,CLOV,0.0,-0.020647683723670436
2021-03-31,CLOV,0.0,0.05018000293130326
2021-04-01,CLOV,0.0,-0.024097528503317416
2021-04-05,CLOV,0.0,0.01612936642298423
2021-04-05,CLOV,0.0,0.01612936642298423
2021-04-05,CLOV,0.0,0.01612936642298423
2021-04-05,CLOV,0.0,0.01612936642298423
2021-04-06,CLOV,0.0,0.014560168875929305
2021-04-07,CLOV,0.0,-0.03476288916860966
2021-04-08,CLOV,0.0,0.18571720187417673
2021-04-09,CLOV,0.0,-0.07506457401302083
2021-04-12,CLOV,1.0,-0.04866835160193813
2021-04-12,CLOV,0.0,-0.04866835160193813
2021-04-12,CLOV,0.0,-0.04866835160193813
2021-04-13,CLOV,0.0,-0.0012796199837708953
2021-04-14,CLOV,0.0,-0.05122588906353942
2021-04-15,CLOV,0.0,-0.009478767211907452
2021-04-16,CLOV,0.0,0.1823215351686861
2021-04-19,CLOV,8.0,0.09200648193668876
2021-04-19,CLOV,4.0,0.09200648193668876
2021-04-19,CLOV,4.0,0.09200648193668876
2021-04-20,CLOV,11.0,-0.1149432459555663
2021-04-21,CLOV,6.0,0.04867970738811693
2021-04-22,CLOV,1.0,-0.06269861529123928
2021-04-23,CLOV,0.0,0.03127069508436142
2021-04-26,CLOV,1.0,0.050038207949779666
2021-04-26,CLOV,0.0,0.050038207949779666
2021-04-26,CLOV,1.0,0.050038207949779666
2021-04-27,CLOV,4.0,0.0021667943524192055
2021-04-28,CLOV,7.0,0.12783339628064672
2021-04-29,CLOV,10.0,-0.03193303960114628
2021-04-30,CLOV,5.0,-0.03197072365044367
2021-05-03,CLOV,4.0,-0.05853294519238095
2021-05-05,CLOV,3.0,-0.024582272459570346
2021-05-06,CLOV,5.0,-0.07150093484299391
2021-05-07,CLOV,2.0,0.046299112331761504
2021-05-10,CLOV,4.0,-0.042660456156841366
2021-05-10,CLOV,2.0,-0.042660456156841366
2021-05-10,CLOV,3.0,-0.042660456156841366
2021-05-11,CLOV,0.0,-0.015863677606458845
2021-05-12,CLOV,3.0,-0.04400457247813879
2021-05-13,CLOV,2.0,-0.06917650479482619
2021-05-14,CLOV,4.0,0.02851511069480386
2021-05-17,CLOV,3.0,-0.0910354740322715
2021-05-17,CLOV,1.0,-0.0910354740322715
2021-05-17,CLOV,0.0,-0.0910354740322715
2021-05-18,CLOV,1.0,0.021755697645143394
2021-05-19,CLOV,0.0,-0.01882744072817372
2021-05-20,CLOV,1.0,0.04152349653419417
2021-05-21,CLOV,0.0,-0.02845146204577397
2021-05-24,CLOV,0.0,-0.0014440077763353458
2021-05-24,CLOV,0.0,-0.0014440077763353458
2021-05-24,CLOV,0.0,-0.0014440077763353458
2021-05-25,CLOV,2.0,0.01434743466598412
2021-05-26,CLOV,0.0,0.04321229016941014
2021-05-27,CLOV,0.0,0.06598699476880371
2021-05-28,CLOV,0.0,-0.024564914556191156
2021-05-31,CLOV,2.0,
2021-05-31,CLOV,0.0,
2021-06-01,CLOV,0.0,
2021-06-01,CLOV,0.0,
2021-01-28,BB,123.0,0.0
2021-01-29,BB,1488.0,-0.038265484985474
2021-02-01,BB,117.0,0.03689939841566589
2021-02-01,BB,84.0,0.03689939841566589
2021-02-01,BB,74.0,0.03689939841566589
2021-02-02,BB,85.0,-0.2363887693727352
2021-02-03,BB,110.0,0.03822119630635695
2021-02-04,BB,85.0,0.01242248860187142
2021-02-05,BB,109.0,0.08515780513656337
2021-02-08,BB,124.0,0.03927890561261692
2021-02-08,BB,46.0,0.03927890561261692
2021-02-08,BB,22.0,0.03927890561261692
2021-02-09,BB,19.0,-0.024274815880467156
2021-02-10,BB,26.0,-0.024878773931652682
2021-02-11,BB,27.0,-0.05008874290607006
2021-02-12,BB,24.0,0.04549803715226361
2021-02-15,BB,32.0,
2021-02-15,BB,16.0,
2021-02-16,BB,14.0,-0.0657662623262721
2021-02-16,BB,19.0,-0.0657662623262721
2021-02-17,BB,14.0,-0.0756842454308083
2021-02-18,BB,21.0,-0.03414528717839902
2021-02-19,BB,17.0,-0.0036630043997713676
2021-02-22,BB,24.0,-0.020389892131315025
2021-02-22,BB,14.0,-0.020389892131315025
2021-02-22,BB,19.0,-0.020389892131315025
2021-02-23,BB,27.0,-0.02656709263901477
2021-02-24,BB,16.0,0.08476527634850042
2021-02-25,BB,24.0,-0.06760562659703986
2021-02-26,BB,27.0,-0.05139276573532741
2021-03-01,BB,22.0,0.08210713237524363
2021-03-01,BB,6.0,0.08210713237524363
2021-03-01,BB,11.0,0.08210713237524363
2021-03-02,BB,18.0,-0.03830452869544381
2021-03-03,BB,25.0,-0.03390158925890639
2021-03-04,BB,34.0,-0.031017941333510008
2021-03-05,BB,33.0,-0.04044100524899357
2021-03-08,BB,32.0,0.03125256368768811
2021-03-08,BB,19.0,0.03125256368768811
2021-03-08,BB,13.0,0.03125256368768811
2021-03-09,BB,22.0,0.06933467514892402
2021-03-10,BB,23.0,-0.010582076321347477
2021-03-11,BB,27.0,0.034223839804839895
2021-03-12,BB,12.0,0.10208417613050559
2021-03-15,BB,13.0,-0.014449896244533628
2021-03-15,BB,11.0,-0.014449896244533628
2021-03-15,BB,14.0,-0.014449896244533628
2021-03-16,BB,19.0,-0.019015288912844406
2021-03-17,BB,17.0,0.012142416382340095
2021-03-18,BB,18.0,-0.07516955499245541
2021-03-19,BB,15.0,0.017503862838616414
2021-03-22,BB,10.0,-0.02216155082233442
2021-03-22,BB,6.0,-0.02216155082233442
2021-03-22,BB,10.0,-0.02216155082233442
2021-03-23,BB,11.0,-0.061617211596435795
2021-03-24,BB,12.0,-0.049883092406138634
2021-03-25,BB,12.0,0.030834939323973506
2021-03-26,BB,11.0,-0.025629285649038977
2021-03-29,BB,9.0,-0.04567977437088218
2021-03-29,BB,6.0,-0.04567977437088218
2021-03-29,BB,6.0,-0.04567977437088218
2021-03-30,BB,8.0,0.01510280525484022
2021-03-31,BB,13.0,-0.10250946036286067
2021-04-01,BB,15.0,0.01996543940148231
2021-04-05,BB,9.0,0.07825217305192905
2021-04-05,BB,3.0,0.07825217305192905
2021-04-05,BB,3.0,0.07825217305192905
2021-04-05,BB,4.0,0.07825217305192905
2021-04-06,BB,5.0,-0.03390159764441007
2021-04-07,BB,6.0,-0.008938598666671934
2021-04-08,BB,4.0,0.05778171134923383
2021-04-09,BB,4.0,-0.03339022856500764
2021-04-12,BB,3.0,-0.01101336928388219
2021-04-12,BB,3.0,-0.01101336928388219
2021-04-12,BB,7.0,-0.01101336928388219
2021-04-13,BB,7.0,0.00772211758495669
2021-04-14,BB,12.0,-0.011049878106334215
2021-04-15,BB,4.0,-0.02588771875558723
2021-04-16,BB,3.0,-0.008013854843641812
2021-04-19,BB,10.0,-0.009237932337597185
2021-04-19,BB,2.0,-0.009237932337597185
2021-04-19,BB,2.0,-0.009237932337597185
2021-04-20,BB,7.0,-0.048732143288652684
2021-04-21,BB,3.0,0.05336177684375448
2021-04-22,BB,3.0,-0.002312082402101478
2021-04-23,BB,5.0,0.024014879571367914
2021-04-26,BB,3.0,0.02675742285197275
2021-04-26,BB,3.0,0.02675742285197275
2021-04-26,BB,3.0,0.02675742285197275
2021-04-27,BB,7.0,0.021763623743772803
2021-04-28,BB,7.0,0.0010758719488282876
2021-04-29,BB,7.0,-0.02614525429813932
2021-04-30,BB,3.0,-0.02571416039463819
2021-05-03,BB,3.0,-0.025230727410803372
2021-05-05,BB,1.0,-0.016888144475949773
2021-05-06,BB,12.0,-0.00855236110667575
2021-05-07,BB,12.0,0.039692515375576325
2021-05-10,BB,11.0,-0.04214945818615237
2021-05-10,BB,4.0,-0.04214945818615237
2021-05-10,BB,7.0,-0.04214945818615237
2021-05-11,BB,7.0,0.020694600146563102
2021-05-12,BB,10.0,-0.04308363310822241
2021-05-13,BB,11.0,-0.0012586222087822433
2021-05-14,BB,9.0,0.061068976424594766
2021-05-17,BB,4.0,0.005906714474018167
2021-05-17,BB,1.0,0.005906714474018167
2021-05-17,BB,1.0,0.005906714474018167
2021-05-18,BB,9.0,0.032447885216367926
2021-05-19,BB,6.0,-0.02657585524701231
2021-05-20,BB,5.0,0.027715373900101106
2021-05-21,BB,8.0,-0.030059982664367525
2021-05-24,BB,5.0,0.0116686768300396
2021-05-24,BB,7.0,0.0116686768300396
2021-05-24,BB,8.0,0.0116686768300396
2021-05-25,BB,4.0,-0.003486317639796057
2021-05-26,BB,12.0,0.09435718194688983
2021-05-27,BB,9.0,0.05462467505049029
2021-05-28,BB,19.0,0.009980065668053232
2021-05-31,BB,6.0,
2021-05-31,BB,7.0,
2021-06-01,BB,8.0,
2021-06-01,BB,3.0,
2021-01-28,CLF,0.0,0.0
2021-01-29,CLF,0.0,-0.04399820357031976
2021-02-01,CLF,0.0,0.021922228498833234
2021-02-01,CLF,1.0,0.021922228498833234
2021-02-01,CLF,0.0,0.021922228498833234
2021-02-02,CLF,0.0,-0.03240724231371265
2021-02-03,CLF,1.0,-0.0006589936815845543
2021-02-04,CLF,0.0,0.05264371414209608
2021-02-05,CLF,1.0,0.04284625714060034
2021-02-08,CLF,0.0,0.03762932965269221
2021-02-08,CLF,0.0,0.03762932965269221
2021-02-08,CLF,1.0,0.03762932965269221
2021-02-09,CLF,0.0,-0.08486291411652415
2021-02-10,CLF,0.0,0.04303065471412177
2021-02-11,CLF,1.0,0.005998726666547746
2021-02-12,CLF,1.0,-0.007202848246638382
2021-02-15,CLF,0.0,
2021-02-15,CLF,0.0,
2021-02-16,CLF,0.0,0.015541270432267737
2021-02-16,CLF,0.0,0.015541270432267737
2021-02-17,CLF,0.0,0.03324888826571094
2021-02-18,CLF,0.0,-0.04879015869797875
2021-02-19,CLF,0.0,0.02498643169825936
2021-02-22,CLF,0.0,0.021506143227483315
2021-02-22,CLF,1.0,0.021506143227483315
2021-02-22,CLF,1.0,0.021506143227483315
2021-02-23,CLF,0.0,-0.032732289598840496
2021-02-24,CLF,0.0,0.004150595687350885
2021-02-25,CLF,0.0,-0.15939119993445153
2021-02-26,CLF,1.0,-0.07715534749655262
2021-03-01,CLF,0.0,0.04757572039115099
2021-03-01,CLF,0.0,0.04757572039115099
2021-03-01,CLF,1.0,0.04757572039115099
2021-03-02,CLF,0.0,0.04814327165790914
2021-03-03,CLF,0.0,-0.02413080745890135
2021-03-04,CLF,0.0,-0.04788339354378152
2021-03-05,CLF,0.0,0.03312038098798776
2021-03-08,CLF,0.0,0.03548199889416347
2021-03-08,CLF,0.0,0.03548199889416347
2021-03-08,CLF,1.0,0.03548199889416347
2021-03-09,CLF,0.0,0.06483748967919149
2021-03-10,CLF,0.0,0.022800266414002433
2021-03-11,CLF,0.0,0.05660162040928168
2021-03-12,CLF,0.0,0.03717043978372318
2021-03-15,CLF,1.0,-0.02599053308458818
2021-03-15,CLF,0.0,-0.02599053308458818
2021-03-15,CLF,0.0,-0.02599053308458818
2021-03-16,CLF,0.0,-0.07091732084741903
2021-03-17,CLF,1.0,0.05141892350180079
2021-03-18,CLF,0.0,-0.004185339037968867
2021-03-19,CLF,1.0,-0.0036015269325940123
2021-03-22,CLF,0.0,-0.04740804818019051
2021-03-22,CLF,0.0,-0.04740804818019051
2021-03-22,CLF,0.0,-0.04740804818019051
2021-03-23,CLF,0.0,-0.07527265735300336
2021-03-24,CLF,0.0,-0.006821334943168157
2021-03-25,CLF,0.0,0.03761359612625962
2021-03-26,CLF,2.0,0.08827401463139825
2021-03-29,CLF,0.0,-0.02073245969939003
2021-03-29,CLF,1.0,-0.02073245969939003
2021-03-29,CLF,0.0,-0.02073245969939003
2021-03-30,CLF,0.0,0.06037089863762461
2021-03-31,CLF,1.0,0.15398498217587148
2021-04-01,CLF,4.0,-0.03491376734340347
2021-04-05,CLF,1.0,-0.001546029014892687
2021-04-05,CLF,2.0,-0.001546029014892687
2021-04-05,CLF,0.0,-0.001546029014892687
2021-04-05,CLF,0.0,-0.001546029014892687
2021-04-06,CLF,0.0,-0.04860968074202498
2021-04-07,CLF,0.0,-0.01968345143710654
2021-04-08,CLF,1.0,-0.0011049977556479849
2021-04-09,CLF,0.0,-0.01447688024605001
2021-04-12,CLF,0.0,-0.016398388455506605
2021-04-12,CLF,0.0,-0.016398388455506605
2021-04-12,CLF,0.0,-0.016398388455506605
2021-04-13,CLF,0.0,-0.005717590037174556
2021-04-14,CLF,1.0,0.0595446898473104
2021-04-15,CLF,0.0,-0.02905113536684291
2021-04-16,CLF,0.0,0.000556031655845602
2021-04-19,CLF,0.0,-0.0339207419713721
2021-04-19,CLF,0.0,-0.0339207419713721
2021-04-19,CLF,1.0,-0.0339207419713721
2021-04-20,CLF,0.0,-0.04649257492574259
2021-04-21,CLF,0.0,0.026747440639741524
2021-04-22,CLF,0.0,0.002343347073646434
2021-04-23,CLF,0.0,0.05076649752788101
2021-04-26,CLF,0.0,0.051487977758638455
2021-04-26,CLF,1.0,0.051487977758638455
2021-04-26,CLF,0.0,0.051487977758638455
2021-04-27,CLF,1.0,-0.0127593313005263
2021-04-28,CLF,0.0,-0.018359054752862345
2021-04-29,CLF,0.0,-0.05373430202077616
2021-04-30,CLF,0.0,0.026668316354228134
2021-05-03,CLF,0.0,0.019407233840867393
2021-05-05,CLF,0.0,-0.007889579483857942
2021-05-06,CLF,1.0,0.012789073599859131
2021-05-07,CLF,1.0,0.03174878279819244
2021-05-10,CLF,0.0,-0.019603867374015982
2021-05-10,CLF,0.0,-0.019603867374015982
2021-05-10,CLF,0.0,-0.019603867374015982
2021-05-11,CLF,1.0,0.03183923514322545
2021-05-12,CLF,1.0,-0.06822475329982709
2021-05-13,CLF,0.0,-0.008549213875678856
2021-05-14,CLF,0.0,-0.014754732801659539
2021-05-17,CLF,0.0,0.06834337998453664
2021-05-17,CLF,0.0,0.06834337998453664
2021-05-17,CLF,0.0,0.06834337998453664
2021-05-18,CLF,0.0,-0.03160971324019668
2021-05-19,CLF,0.0,-0.06164411572055084
2021-05-20,CLF,1.0,-0.03257968242125392
2021-05-21,CLF,0.0,-0.0197375165515265
2021-05-24,CLF,0.0,0.02730918016585569
2021-05-24,CLF,0.0,0.02730918016585569
2021-05-24,CLF,1.0,0.02730918016585569
2021-05-25,CLF,0.0,-0.01958706258089904
2021-05-26,CLF,0.0,0.03879793165368287
2021-05-27,CLF,0.0,0.06546307452025643
2021-05-28,CLF,0.0,-0.00396825523349915
2021-05-31,CLF,0.0,
2021-05-31,CLF,0.0,
2021-06-01,CLF,0.0,
2021-06-01,CLF,0.0,
2021-01-28,CLNE,0.0,0.0
2021-01-29,CLNE,0.0,-0.0203200070449693
2021-02-01,CLNE,0.0,0.032695235793912904
2021-02-01,CLNE,0.0,0.032695235793912904
2021-02-01,CLNE,0.0,0.032695235793912904
2021-02-02,CLNE,0.0,-0.009505720623635559
2021-02-03,CLNE,0.0,0.20327212229438832
2021-02-04,CLNE,0.0,-0.0023409868542851636
2021-02-05,CLNE,0.0,0.013193833089808524
2021-02-08,CLNE,0.0,0.3204843572180513
2021-02-08,CLNE,0.0,0.3204843572180513
2021-02-08,CLNE,0.0,0.3204843572180513
2021-02-09,CLNE,2.0,0.04218640037866978
2021-02-10,CLNE,0.0,-0.09563205576293055
2021-02-11,CLNE,1.0,-0.012474233113444593
2021-02-12,CLNE,1.0,0.032924865009574165
2021-02-15,CLNE,0.0,
2021-02-15,CLNE,0.0,
2021-02-16,CLNE,0.0,-0.08255216743789097
2021-02-16,CLNE,0.0,-0.08255216743789097
2021-02-17,CLNE,1.0,-0.02415884272382897
2021-02-18,CLNE,0.0,-0.10079493312955146
2021-02-19,CLNE,0.0,0.0640935381755606
2021-02-22,CLNE,0.0,-0.02227563810656363
2021-02-22,CLNE,0.0,-0.02227563810656363
2021-02-22,CLNE,0.0,-0.02227563810656363
2021-02-23,CLNE,0.0,-0.0751060700331808
2021-02-24,CLNE,0.0,0.016782556866333793
2021-02-25,CLNE,0.0,-0.07277295522975134
2021-02-26,CLNE,0.0,0.014677712545537078
2021-03-01,CLNE,1.0,0.056647052411400285
2021-03-01,CLNE,0.0,0.056647052411400285
2021-03-01,CLNE,0.0,0.056647052411400285
2021-03-02,CLNE,0.0,-0.04218166245809083
2021-03-03,CLNE,0.0,-0.07614499434937837
2021-03-04,CLNE,0.0,-0.004906013071851137
2021-03-05,CLNE,0.0,-0.04698846430683228
2021-03-08,CLNE,1.0,-0.08326958377690706
2021-03-08,CLNE,0.0,-0.08326958377690706
2021-03-08,CLNE,0.0,-0.08326958377690706
2021-03-09,CLNE,0.0,0.09692165961412422
2021-03-10,CLNE,0.0,0.14123469175541561
2021-03-11,CLNE,0.0,0.021114723932675376
2021-03-12,CLNE,0.0,0.06889678945228825
2021-03-15,CLNE,1.0,0.034372217382989116
2021-03-15,CLNE,0.0,0.034372217382989116
2021-03-15,CLNE,0.0,0.034372217382989116
2021-03-16,CLNE,0.0,-0.027669753889826162
2021-03-17,CLNE,0.0,0.015247199034751718
2021-03-18,CLNE,0.0,-0.05545705505264449
2021-03-19,CLNE,0.0,0.08527132056761823
2021-03-22,CLNE,0.0,0.017721966218448897
2021-03-22,CLNE,0.0,0.017721966218448897
2021-03-22,CLNE,0.0,0.017721966218448897
2021-03-23,CLNE,0.0,-0.15802685559970445
2021-03-24,CLNE,0.0,-0.040485287150805245
2021-03-25,CLNE,0.0,0.040485287150805134
2021-03-26,CLNE,0.0,-0.00811510599321887
2021-03-29,CLNE,0.0,-0.05480825738926818
2021-03-29,CLNE,0.0,-0.05480825738926818
2021-03-29,CLNE,0.0,-0.05480825738926818
2021-03-30,CLNE,0.0,0.03309269336685292
2021-03-31,CLNE,0.0,0.039337148714168046
2021-04-01,CLNE,0.0,0.05521577078693671
2021-04-05,CLNE,0.0,-0.0728373554786895
2021-04-05,CLNE,0.0,-0.0728373554786895
2021-04-05,CLNE,0.0,-0.0728373554786895
2021-04-05,CLNE,0.0,-0.0728373554786895
2021-04-06,CLNE,0.0,0.027038540631388948
2021-04-07,CLNE,0.0,-0.02555812160269559
2021-04-08,CLNE,0.0,-0.031557845146145305
2021-04-09,CLNE,0.0,-0.06382633885289178
2021-04-12,CLNE,1.0,-0.09465942545050589
2021-04-12,CLNE,0.0,-0.09465942545050589
2021-04-12,CLNE,0.0,-0.09465942545050589
2021-04-13,CLNE,0.0,0.040320976774838986
2021-04-14,CLNE,1.0,0.017880427974304437
2021-04-15,CLNE,1.0,-0.063582621241691
2021-04-16,CLNE,1.0,0.001796986787069242
2021-04-19,CLNE,0.0,0.06094137702529407
2021-04-19,CLNE,0.0,0.06094137702529407
2021-04-19,CLNE,0.0,0.06094137702529407
2021-04-20,CLNE,1.0,-0.2361072582438543
2021-04-21,CLNE,1.0,0.09967589164638353
2021-04-22,CLNE,0.0,-0.024499020671500924
2021-04-23,CLNE,0.0,0.03029058308033268
2021-04-26,CLNE,0.0,0.07417664666986357
2021-04-26,CLNE,1.0,0.07417664666986357
2021-04-26,CLNE,0.0,0.07417664666986357
2021-04-27,CLNE,2.0,0.02209546444729485
2021-04-28,CLNE,1.0,0.023327231595396934
2021-04-29,CLNE,0.0,-0.03210686911193847
2021-04-30,CLNE,0.0,-0.030441038956957656
2021-05-03,CLNE,2.0,0.0045351724264647095
2021-05-05,CLNE,0.0,-0.02531785100378671
2021-05-06,CLNE,0.0,-0.07286684814112787
2021-05-07,CLNE,0.0,-0.10433961722762417
2021-05-10,CLNE,1.0,-0.004545458184549777
2021-05-10,CLNE,0.0,-0.004545458184549777
2021-05-10,CLNE,0.0,-0.004545458184549777
2021-05-11,CLNE,2.0,-0.02771537390010107
2021-05-12,CLNE,0.0,-0.04920006569752712
2021-05-13,CLNE,0.0,-0.03250288974819374
2021-05-14,CLNE,0.0,0.047155152458690654
2021-05-17,CLNE,0.0,-0.014652262710496819
2021-05-17,CLNE,0.0,-0.014652262710496819
2021-05-17,CLNE,0.0,-0.014652262710496819
2021-05-18,CLNE,0.0,-0.012376442931321981
2021-05-19,CLNE,0.0,-0.02012644681687179
2021-05-20,CLNE,0.0,-0.029660462185177403
2021-05-21,CLNE,0.0,0.011711279364071547
2021-05-24,CLNE,0.0,0.02932013958183173
2021-05-24,CLNE,0.0,0.02932013958183173
2021-05-24,CLNE,0.0,0.02932013958183173
2021-05-25,CLNE,0.0,-0.04234114435344971
2021-05-26,CLNE,0.0,0.05234121815105145
2021-05-27,CLNE,0.0,0.0061996714854702225
2021-05-28,CLNE,0.0,-0.02123753447228848
2021-05-31,CLNE,1.0,
2021-05-31,CLNE,0.0,
2021-06-01,CLNE,0.0,
2021-06-01,CLNE,0.0,
2021-01-28,WKHS,0.0,0.0
2021-01-29,WKHS,0.0,0.03619502944373782
2021-02-01,WKHS,1.0,0.12423719392802277
2021-02-01,WKHS,0.0,0.12423719392802277
2021-02-01,WKHS,0.0,0.12423719392802277
2021-02-02,WKHS,0.0,-0.1274474874281833
2021-02-03,WKHS,0.0,0.05238887034005608
2021-02-04,WKHS,0.0,0.1369237153770805
2021-02-05,WKHS,3.0,-0.017816201216875268
2021-02-08,WKHS,3.0,-0.02392337016323282
2021-02-08,WKHS,0.0,-0.02392337016323282
2021-02-08,WKHS,1.0,-0.02392337016323282
2021-02-09,WKHS,1.0,0.013527187726579707
2021-02-10,WKHS,1.0,-0.043999457935170815
2021-02-11,WKHS,2.0,-0.026345043780160053
2021-02-12,WKHS,0.0,-0.03449087294685828
2021-02-15,WKHS,1.0,
2021-02-15,WKHS,2.0,
2021-02-16,WKHS,0.0,-0.05919218530477227
2021-02-16,WKHS,0.0,-0.05919218530477227
2021-02-17,WKHS,0.0,-0.050506684594660636
2021-02-18,WKHS,2.0,-0.03802503663600348
2021-02-19,WKHS,2.0,0.05423578417083325
2021-02-22,WKHS,0.0,-0.0503994354676836
2021-02-22,WKHS,0.0,-0.0503994354676836
2021-02-22,WKHS,0.0,-0.0503994354676836
2021-02-23,WKHS,0.0,-0.6436583167009284
2021-02-24,WKHS,8.0,-0.0845573897316309
2021-02-25,WKHS,2.0,0.22089386849082993
2021-02-26,WKHS,5.0,-0.15441572554768004
2021-03-01,WKHS,1.0,0.06985830184490303
2021-03-01,WKHS,0.0,0.06985830184490303
2021-03-01,WKHS,0.0,0.06985830184490303
2021-03-02,WKHS,3.0,-0.07233514004439155
2021-03-03,WKHS,0.0,-0.07797824021861721
2021-03-04,WKHS,2.0,-0.031316380520428164
2021-03-05,WKHS,1.0,-0.051803032929241245
2021-03-08,WKHS,0.0,0.1212568374857203
2021-03-08,WKHS,0.0,0.1212568374857203
2021-03-08,WKHS,1.0,0.1212568374857203
2021-03-09,WKHS,2.0,0.05338789674954287
2021-03-10,WKHS,0.0,-0.025396273637436805
2021-03-11,WKHS,0.0,0.09336923389216126
2021-03-12,WKHS,1.0,-0.03666393462450325
2021-03-15,WKHS,0.0,0.055345481291119054
2021-03-15,WKHS,1.0,0.055345481291119054
2021-03-15,WKHS,1.0,0.055345481291119054
2021-03-16,WKHS,0.0,-0.0660726579236819
2021-03-17,WKHS,0.0,0.01427744449838197
2021-03-18,WKHS,0.0,-0.0947197295219622
2021-03-19,WKHS,0.0,0.04569330449128433
2021-03-22,WKHS,0.0,-0.03086863738484516
2021-03-22,WKHS,1.0,-0.03086863738484516
2021-03-22,WKHS,0.0,-0.03086863738484516
2021-03-23,WKHS,0.0,-0.0722886822734759
2021-03-24,WKHS,0.0,-0.09592934805981662
2021-03-25,WKHS,1.0,0.026887329935805268
2021-03-26,WKHS,0.0,-0.008882359490956471
2021-03-29,WKHS,0.0,-0.03942887548090292
2021-03-29,WKHS,0.0,-0.03942887548090292
2021-03-29,WKHS,0.0,-0.03942887548090292
2021-03-30,WKHS,0.0,0.03570446210306072
2021-03-31,WKHS,0.0,0.027237667495136942
2021-04-01,WKHS,0.0,0.02651533876456563
2021-04-05,WKHS,0.0,-0.06652074122224272
2021-04-05,WKHS,0.0,-0.06652074122224272
2021-04-05,WKHS,0.0,-0.06652074122224272
2021-04-05,WKHS,0.0,-0.06652074122224272
2021-04-06,WKHS,1.0,0.04290605427975441
2021-04-07,WKHS,0.0,-0.04479745783474968
2021-04-08,WKHS,1.0,0.01540514594348296
2021-04-09,WKHS,0.0,-0.025298690551688586
2021-04-12,WKHS,0.0,-0.056236571110611554
2021-04-12,WKHS,0.0,-0.056236571110611554
2021-04-12,WKHS,0.0,-0.056236571110611554
2021-04-13,WKHS,0.0,0.05547144260233327
2021-04-14,WKHS,0.0,-0.03703400667893116
2021-04-15,WKHS,0.0,-0.07759671290849815
2021-04-16,WKHS,0.0,0.1271807962589085
2021-04-19,WKHS,0.0,-0.04879009929362802
2021-04-19,WKHS,0.0,-0.04879009929362802
2021-04-19,WKHS,0.0,-0.04879009929362802
2021-04-20,WKHS,0.0,-0.026539548202434936
2021-04-21,WKHS,0.0,0.015366220390489762
2021-04-22,WKHS,0.0,0.017108048104500256
2021-04-23,WKHS,0.0,0.00039440855120800536
2021-04-26,WKHS,0.0,0.04246097044986471
2021-04-26,WKHS,0.0,0.04246097044986471
2021-04-26,WKHS,0.0,0.04246097044986471
2021-04-27,WKHS,0.0,-0.01753758606489831
2021-04-28,WKHS,0.0,0.0023050131818316637
2021-04-29,WKHS,0.0,-0.03276424789277007
2021-04-30,WKHS,0.0,-0.017600399399882307
2021-05-03,WKHS,0.0,-0.05644654248344935
2021-05-05,WKHS,0.0,-0.019838366880446982
2021-05-06,WKHS,0.0,-0.13327120713407542
2021-05-07,WKHS,1.0,0.0031169569802194166
2021-05-10,WKHS,0.0,-0.1617870132269892
2021-05-10,WKHS,0.0,-0.1617870132269892
2021-05-10,WKHS,0.0,-0.1617870132269892
2021-05-11,WKHS,1.0,0.0048661851346001326
2021-05-12,WKHS,0.0,-0.06907952518601357
2021-05-13,WKHS,0.0,-0.02768799642212727
2021-05-14,WKHS,0.0,0.07963131423710272
2021-05-17,WKHS,0.0,0.018349091573169593
2021-05-17,WKHS,0.0,0.018349091573169593
2021-05-17,WKHS,0.0,0.018349091573169593
2021-05-18,WKHS,0.0,0.0870113769896297
2021-05-19,WKHS,0.0,-0.0011117543122943668
2021-05-20,WKHS,0.0,-0.04667891841612233
2021-05-21,WKHS,0.0,-0.014084726480572386
2021-05-24,WKHS,0.0,-0.01788951876448377
2021-05-24,WKHS,0.0,-0.01788951876448377
2021-05-24,WKHS,0.0,-0.01788951876448377
2021-05-25,WKHS,0.0,-0.020669437171056012
2021-05-26,WKHS,0.0,0.1147754849497887
2021-05-27,WKHS,0.0,0.052278545639990445
2021-05-28,WKHS,0.0,-0.02633116874468408
2021-05-31,WKHS,0.0,
2021-05-31,WKHS,0.0,
2021-06-01,WKHS,0.0,
2021-06-01,WKHS,0.0,
2021-01-28,SENS,11.0,0.0
2021-01-29,SENS,87.0,-0.0291081558963865
2021-02-01,SENS,23.0,0.12665130802556218
2021-02-01,SENS,25.0,0.12665130802556218
2021-02-01,SENS,18.0,0.12665130802556218
2021-02-02,SENS,25.0,0.018416708995248374
2021-02-03,SENS,46.0,-0.0036563076970486936
2021-02-04,SENS,24.0,-0.022223115196824315
2021-02-05,SENS,47.0,0.12648410909228858
2021-02-08,SENS,41.0,0.20516106589701927
2021-02-08,SENS,20.0,0.20516106589701927
2021-02-08,SENS,13.0,0.20516106589701927
2021-02-09,SENS,11.0,0.04725290161281101
2021-02-10,SENS,10.0,-0.02072617244601174
2021-02-11,SENS,10.0,-0.002621231022660009
2021-02-12,SENS,16.0,0.08788586347327343
2021-02-15,SENS,13.0,
2021-02-15,SENS,11.0,
2021-02-16,SENS,6.0,0.23651532134062378
2021-02-16,SENS,12.0,0.23651532134062378
2021-02-17,SENS,13.0,-0.10178264260626682
2021-02-18,SENS,11.0,-0.05395051206330837
2021-02-19,SENS,5.0,0.026259688550964767
2021-02-22,SENS,5.0,-0.12401188545314087
2021-02-22,SENS,5.0,-0.12401188545314087
2021-02-22,SENS,6.0,-0.12401188545314087
2021-02-23,SENS,10.0,-0.09482133138628533
2021-02-24,SENS,10.0,0.14489139108048366
2021-02-25,SENS,9.0,-0.12098589293634433
2021-02-26,SENS,9.0,-0.1079886007374316
2021-03-01,SENS,14.0,0.014514028821105977
2021-03-01,SENS,9.0,0.014514028821105977
2021-03-01,SENS,8.0,0.014514028821105977
2021-03-02,SENS,9.0,-0.05326704902133476
2021-03-03,SENS,16.0,-0.030866618448254904
2021-03-04,SENS,13.0,-0.17047971984890736
2021-03-05,SENS,15.0,-0.08128264701748093
2021-03-08,SENS,13.0,0.01600032608667546
2021-03-08,SENS,12.0,0.01600032608667546
2021-03-08,SENS,5.0,0.01600032608667546
2021-03-09,SENS,4.0,0.140451875923261
2021-03-10,SENS,8.0,0.05696676997633941
2021-03-11,SENS,9.0,0.0782872229667174
2021-03-12,SENS,4.0,-0.04623315086412641
2021-03-15,SENS,5.0,-0.0031595571962489775
2021-03-15,SENS,8.0,-0.0031595571962489775
2021-03-15,SENS,12.0,-0.0031595571962489775
2021-03-16,SENS,9.0,-0.0893155163370681
2021-03-17,SENS,8.0,0.07977650269129218
2021-03-18,SENS,9.0,-0.04910973419684301
2021-03-19,SENS,7.0,0.09592010675560961
2021-03-22,SENS,3.0,-0.06291384145870002
2021-03-22,SENS,4.0,-0.06291384145870002
2021-03-22,SENS,7.0,-0.06291384145870002
2021-03-23,SENS,8.0,-0.026317283546611645
2021-03-24,SENS,6.0,-0.10166363970012662
2021-03-25,SENS,7.0,0.06084168491630049
2021-03-26,SENS,2.0,-0.04618942220580375
2021-03-29,SENS,4.0,-0.0953101798043249
2021-03-29,SENS,2.0,-0.0953101798043249
2021-03-29,SENS,3.0,-0.0953101798043249
2021-03-30,SENS,7.0,0.08065791709382795
2021-03-31,SENS,3.0,-0.026169692073329243
2021-04-01,SENS,4.0,-0.022989587532424898
2021-04-05,SENS,1.0,-0.011696028891390823
2021-04-05,SENS,1.0,-0.011696028891390823
2021-04-05,SENS,1.0,-0.011696028891390823
2021-04-05,SENS,2.0,-0.011696028891390823
2021-04-06,SENS,2.0,0.019418067876816054
2021-04-07,SENS,3.0,-0.02334734233570233
2021-04-08,SENS,2.0,0.027186115129478976
2021-04-09,SENS,2.0,-0.10919928845160283
2021-04-12,SENS,3.0,-0.08004263125732523
2021-04-12,SENS,4.0,-0.08004263125732523
2021-04-12,SENS,2.0,-0.08004263125732523
2021-04-13,SENS,6.0,-0.01869222673014813
2021-04-14,SENS,2.0,0.0
2021-04-15,SENS,3.0,-0.06831918036283685
2021-04-16,SENS,4.0,-0.04652003283681055
2021-04-19,SENS,4.0,-0.021391169524983083
2021-04-19,SENS,1.0,-0.021391169524983083
2021-04-19,SENS,4.0,-0.021391169524983083
2021-04-20,SENS,1.0,-0.04420611616796738
2021-04-21,SENS,3.0,0.16138832122368774
2021-04-22,SENS,1.0,-0.06453846000460177
2021-04-23,SENS,4.0,0.02531778353110258
2021-04-26,SENS,2.0,0.0998453522307896
2021-04-26,SENS,3.0,0.0998453522307896
2021-04-26,SENS,3.0,0.0998453522307896
2021-04-27,SENS,2.0,-0.05105523347442126
2021-04-28,SENS,3.0,0.08223813110168947
2021-04-29,SENS,9.0,-0.07275939571564853
2021-04-30,SENS,3.0,0.0
2021-05-03,SENS,1.0,-0.043380255742367826
2021-05-05,SENS,2.0,0.01020416024401339
2021-05-06,SENS,6.0,-0.030930332690025198
2021-05-07,SENS,7.0,-0.010526403080123783
2021-05-10,SENS,7.0,-0.04879018309154183
2021-05-10,SENS,0.0,-0.04879018309154183
2021-05-10,SENS,3.0,-0.04879018309154183
2021-05-11,SENS,5.0,0.032789857004866425
2021-05-12,SENS,10.0,-0.021739965507499924
2021-05-13,SENS,4.0,-0.06234313708579247
2021-05-14,SENS,8.0,0.11583177086520886
2021-05-17,SENS,3.0,0.02061932901721869
2021-05-17,SENS,0.0,0.02061932901721869
2021-05-17,SENS,2.0,0.02061932901721869
2021-05-18,SENS,2.0,0.08786138534923459
2021-05-19,SENS,1.0,0.00466200844211412
2021-05-20,SENS,3.0,-0.023530587180201755
2021-05-21,SENS,2.0,-0.04879011875636827
2021-05-24,SENS,3.0,-0.005012537031211045
2021-05-24,SENS,1.0,-0.005012537031211045
2021-05-24,SENS,1.0,-0.005012537031211045
2021-05-25,SENS,2.0,-0.06755814811270257
2021-05-26,SENS,3.0,0.05745706185682438
2021-05-27,SENS,6.0,0.04951501775456487
2021-05-28,SENS,7.0,-0.00484262000285356
2021-05-31,SENS,2.0,
2021-05-31,SENS,6.0,
2021-06-01,SENS,2.0,
2021-06-01,SENS,1.0,
2021-01-28,PLTR,7.0,0.0
2021-01-29,PLTR,41.0,-0.013551860171922022
2021-02-01,PLTR,8.0,-0.03529441349995241
2021-02-01,PLTR,7.0,-0.03529441349995241
2021-02-01,PLTR,8.0,-0.03529441349995241
2021-02-02,PLTR,6.0,-0.09055116197871291
2021-02-03,PLTR,13.0,0.02357547108009983
2021-02-04,PLTR,1.0,0.00908951597647383
2021-02-05,PLTR,9.0,0.06053285062706039
2021-02-08,PLTR,9.0,0.057076832378512764
2021-02-08,PLTR,8.0,0.057076832378512764
2021-02-08,PLTR,3.0,0.057076832378512764
2021-02-09,PLTR,1.0,0.05714297621850598
2021-02-10,PLTR,3.0,-0.06689910862964862
2021-02-11,PLTR,4.0,-0.07531534016323639
2021-02-12,PLTR,4.0,-0.03691593448487808
2021-02-15,PLTR,8.0,
2021-02-15,PLTR,6.0,
2021-02-16,PLTR,4.0,-0.13644559456122587
2021-02-16,PLTR,14.0,-0.13644559456122587
2021-02-17,PLTR,25.0,-0.02767839572038549
2021-02-18,PLTR,18.0,-0.07314263304834978
2021-02-19,PLTR,39.0,0.14164301780810348
2021-02-22,PLTR,33.0,-0.03509131981127006
2021-02-22,PLTR,10.0,-0.03509131981127006
2021-02-22,PLTR,10.0,-0.03509131981127006
2021-02-23,PLTR,13.0,-0.04567003683318832
2021-02-24,PLTR,13.0,-0.013549345954921186
2021-02-25,PLTR,10.0,-0.0965993923505036
2021-02-26,PLTR,16.0,-0.002507292060202404
2021-03-01,PLTR,9.0,0.03736833320141954
2021-03-01,PLTR,1.0,0.03736833320141954
2021-03-01,PLTR,7.0,0.03736833320141954
2021-03-02,PLTR,9.0,-0.013390337233179077
2021-03-03,PLTR,16.0,-0.037033539056715685
2021-03-04,PLTR,19.0,0.04719416313495177
2021-03-05,PLTR,16.0,-0.03204870731043159
2021-03-08,PLTR,16.0,-0.061564532113960194
2021-03-08,PLTR,7.0,-0.061564532113960194
2021-03-08,PLTR,5.0,-0.061564532113960194
2021-03-09,PLTR,8.0,0.07442508935196675
2021-03-10,PLTR,9.0,0.01999657606425949
2021-03-11,PLTR,4.0,0.07696102401066342
2021-03-12,PLTR,5.0,0.007082994585263318
2021-03-15,PLTR,6.0,-0.004840789879889623
2021-03-15,PLTR,2.0,-0.004840789879889623
2021-03-15,PLTR,1.0,-0.004840789879889623
2021-03-16,PLTR,2.0,-0.045045793686754466
2021-03-17,PLTR,6.0,-0.015742219160193135
2021-03-18,PLTR,10.0,-0.05002057437381496
2021-03-19,PLTR,3.0,0.014078914039646118
2021-03-22,PLTR,0.0,-0.004120334775025335
2021-03-22,PLTR,4.0,-0.004120334775025335
2021-03-22,PLTR,4.0,-0.004120334775025335
2021-03-23,PLTR,5.0,-0.040443552843928476
2021-03-24,PLTR,8.0,-0.06116221773307455
2021-03-25,PLTR,10.0,0.03149161614509605
2021-03-26,PLTR,2.0,0.0
2021-03-29,PLTR,3.0,-0.03837078214032611
2021-03-29,PLTR,0.0,-0.03837078214032611
2021-03-29,PLTR,1.0,-0.03837078214032611
2021-03-30,PLTR,8.0,0.01416525262170458
2021-03-31,PLTR,4.0,0.05516509738207314
2021-04-01,PLTR,6.0,-0.009491064248729222
2021-04-05,PLTR,2.0,0.01591092853542966
2021-04-05,PLTR,1.0,0.01591092853542966
2021-04-05,PLTR,0.0,0.01591092853542966
2021-04-05,PLTR,2.0,0.01591092853542966
2021-04-06,PLTR,3.0,-0.007278990506801436
2021-04-07,PLTR,1.0,-0.016028103083911092
2021-04-08,PLTR,7.0,0.02202638108262773
2021-04-09,PLTR,6.0,0.026555872765751446
2021-04-12,PLTR,7.0,-0.029550514354483234
2021-04-12,PLTR,4.0,-0.029550514354483234
2021-04-12,PLTR,1.0,-0.029550514354483234
2021-04-13,PLTR,4.0,0.08536763536662036
2021-04-14,PLTR,16.0,-0.0700611884300203
2021-04-15,PLTR,3.0,-0.023480316278554028
2021-04-16,PLTR,6.0,-0.029813708415154242
2021-04-19,PLTR,4.0,-0.02386957645009808
2021-04-19,PLTR,1.0,-0.02386957645009808
2021-04-19,PLTR,1.0,-0.02386957645009808
2021-04-20,PLTR,2.0,-0.00731933015757911
2021-04-21,PLTR,2.0,0.03828427352921432
2021-04-22,PLTR,1.0,0.010112262505755648
2021-04-23,PLTR,1.0,0.023774589918547282
2021-04-26,PLTR,2.0,0.02946344252361129
2021-04-26,PLTR,1.0,0.02946344252361129
2021-04-26,PLTR,0.0,0.02946344252361129
2021-04-27,PLTR,0.0,-0.009585464127742499
2021-04-28,PLTR,0.0,-0.001257020051735645
2021-04-29,PLTR,1.0,-0.020331048867407452
2021-04-30,PLTR,0.0,-0.0142213088973609
2021-05-03,PLTR,0.0,-0.032645231310578546
2021-05-05,PLTR,2.0,-0.022903538317601512
2021-05-06,PLTR,7.0,-0.051417701033833994
2021-05-07,PLTR,4.0,-0.017068695074928215
2021-05-10,PLTR,7.0,-0.0670057343122422
2021-05-10,PLTR,3.0,-0.0670057343122422
2021-05-10,PLTR,3.0,-0.0670057343122422
2021-05-11,PLTR,17.0,0.09002972907993019
2021-05-12,PLTR,6.0,-0.06754483691223034
2021-05-13,PLTR,3.0,-0.02791370429055814
2021-05-14,PLTR,8.0,0.08900534611199874
2021-05-17,PLTR,5.0,0.01874742475226831
2021-05-17,PLTR,2.0,0.01874742475226831
2021-05-17,PLTR,2.0,0.01874742475226831
2021-05-18,PLTR,2.0,0.03741446982145955
2021-05-19,PLTR,3.0,-0.027202808213032923
2021-05-20,PLTR,0.0,-0.0029069528680160882
2021-05-21,PLTR,3.0,0.0067698221599994364
2021-05-24,PLTR,0.0,0.022397854150717017
2021-05-24,PLTR,0.0,0.022397854150717017
2021-05-24,PLTR,0.0,0.022397854150717017
2021-05-25,PLTR,2.0,0.012178147502081429
2021-05-26,PLTR,0.0,0.02935996626465453
2021-05-27,PLTR,0.0,0.02588274350286353
2021-05-28,PLTR,4.0,0.01095301165307871
2021-05-31,PLTR,0.0,
2021-05-31,PLTR,1.0,
2021-06-01,PLTR,0.0,
2021-06-01,PLTR,0.0,
2021-01-28,RKT,0.0,0.0
2021-01-29,RKT,4.0,0.002343557021005843
2021-02-01,RKT,2.0,0.008391711246158713
2021-02-01,RKT,0.0,0.008391711246158713
2021-02-01,RKT,0.0,0.008391711246158713
2021-02-02,RKT,1.0,-0.0282505215019565
2021-02-03,RKT,1.0,0.01281150368909766
2021-02-04,RKT,2.0,0.016830707396710495
2021-02-05,RKT,0.0,0.0027777667320847423
2021-02-08,RKT,2.0,-0.00046233331677564195
2021-02-08,RKT,1.0,-0.00046233331677564195
2021-02-08,RKT,1.0,-0.00046233331677564195
2021-02-09,RKT,1.0,-0.017261928785786893
2021-02-10,RKT,0.0,-0.014695715715330532
2021-02-11,RKT,0.0,-0.012977867296356218
2021-02-12,RKT,4.0,0.0004837702046930127
2021-02-15,RKT,2.0,
2021-02-15,RKT,2.0,
2021-02-16,RKT,0.0,-0.005333417704600761
2021-02-16,RKT,2.0,-0.005333417704600761
2021-02-17,RKT,0.0,-0.025604528670580246
2021-02-18,RKT,3.0,0.0009970043940184755
2021-02-19,RKT,1.0,0.009915849996039812
2021-02-22,RKT,7.0,0.006882983942841301
2021-02-22,RKT,2.0,0.006882983942841301
2021-02-22,RKT,4.0,0.006882983942841301
2021-02-23,RKT,5.0,-0.020292706836572343
2021-02-24,RKT,3.0,0.015873275303363004
2021-02-25,RKT,1.0,-0.0208858938421981
2021-02-26,RKT,12.0,0.0934812347886348
2021-03-01,RKT,11.0,0.10627545191974788
2021-03-01,RKT,3.0,0.10627545191974788
2021-03-01,RKT,6.0,0.10627545191974788
2021-03-02,RKT,45.0,0.537623741114432
2021-03-03,RKT,209.0,-0.39553848099103556
2021-03-04,RKT,79.0,-0.041923419741703424
2021-03-05,RKT,41.0,-0.0677703347749036
2021-03-08,RKT,18.0,0.0295709156387494
2021-03-08,RKT,5.0,0.0295709156387494
2021-03-08,RKT,1.0,0.0295709156387494
2021-03-09,RKT,11.0,0.031078226459110375
2021-03-10,RKT,10.0,0.01788542960351702
2021-03-11,RKT,4.0,-0.004635034858207519
2021-03-12,RKT,4.0,-0.032260850112913526
2021-03-15,RKT,8.0,0.031098708315134185
2021-03-15,RKT,2.0,0.031098708315134185
2021-03-15,RKT,3.0,0.031098708315134185
2021-03-16,RKT,6.0,-0.03149863748807392
2021-03-17,RKT,6.0,-0.020202707317519466
2021-03-18,RKT,15.0,-0.058840483509092635
2021-03-19,RKT,10.0,-0.0012995750841788378
2021-03-22,RKT,6.0,-0.0034737301380325016
2021-03-22,RKT,2.0,-0.0034737301380325016
2021-03-22,RKT,4.0,-0.0034737301380325016
2021-03-23,RKT,11.0,0.0021725467447420654
2021-03-24,RKT,5.0,-0.02282805196564644
2021-03-25,RKT,4.0,-0.002222767959558344
2021-03-26,RKT,4.0,0.06211571944955824
2021-03-29,RKT,5.0,-0.0046112264673239985
2021-03-29,RKT,1.0,-0.0046112264673239985
2021-03-29,RKT,0.0,-0.0046112264673239985
2021-03-30,RKT,15.0,-0.02553323706356401
2021-03-31,RKT,4.0,-0.0047526815827838645
2021-04-01,RKT,5.0,-0.023664597859349493
2021-04-05,RKT,1.0,-0.0048899276615972575
2021-04-05,RKT,1.0,-0.0048899276615972575
2021-04-05,RKT,0.0,-0.0048899276615972575
2021-04-05,RKT,2.0,-0.0048899276615972575
2021-04-06,RKT,3.0,0.009314730633258042
2021-04-07,RKT,4.0,-0.003095279744424837
2021-04-08,RKT,2.0,-0.00044297803454509504
2021-04-09,RKT,3.0,0.007943568088817063
2021-04-12,RKT,1.0,-0.025825118327424745
2021-04-12,RKT,0.0,-0.025825118327424745
2021-04-12,RKT,1.0,-0.025825118327424745
2021-04-13,RKT,1.0,0.035884225430984636
2021-04-14,RKT,1.0,-0.032282243888270036
2021-04-15,RKT,1.0,0.0226626107022005
2021-04-16,RKT,3.0,-0.028522404720289423
2021-04-19,RKT,0.0,-0.004985308656797096
2021-04-19,RKT,0.0,-0.004985308656797096
2021-04-19,RKT,0.0,-0.004985308656797096
2021-04-20,RKT,2.0,-0.015568086868378189
2021-04-21,RKT,1.0,0.010557800334761076
2021-04-22,RKT,1.0,-0.0013707463413438023
2021-04-23,RKT,0.0,0.012721606206632732
2021-04-26,RKT,1.0,0.018784098039107543
2021-04-26,RKT,0.0,0.018784098039107543
2021-04-26,RKT,0.0,0.018784098039107543
2021-04-27,RKT,0.0,0.014515316593984631
2021-04-28,RKT,0.0,-0.001748208835919544
2021-04-29,RKT,1.0,0.001748208835919545
2021-04-30,RKT,2.0,-0.019846245729924473
2021-05-03,RKT,2.0,0.0022246610381716943
2021-05-05,RKT,7.0,0.013689746703962623
2021-05-06,RKT,19.0,-0.1817953339577246
2021-05-07,RKT,17.0,-0.04960586069827914
2021-05-10,RKT,10.0,-0.024057121306631103
2021-05-10,RKT,0.0,-0.024057121306631103
2021-05-10,RKT,1.0,-0.024057121306631103
2021-05-11,RKT,4.0,-0.02988730897564601
2021-05-12,RKT,4.0,-0.027204462333346325
2021-05-13,RKT,1.0,-0.00601327012092665
2021-05-14,RKT,0.0,0.04481883504657471
2021-05-17,RKT,1.0,0.022805983827254413
2021-05-17,RKT,1.0,0.022805983827254413
2021-05-17,RKT,0.0,0.022805983827254413
2021-05-18,RKT,3.0,-0.007355006811925897
2021-05-19,RKT,1.0,-0.029973451111498167
2021-05-20,RKT,0.0,0.008158517916020784
2021-05-21,RKT,1.0,-0.01697430322167866
2021-05-24,RKT,0.0,-0.0023641213934771995
2021-05-24,RKT,2.0,-0.0023641213934771995
2021-05-24,RKT,0.0,-0.0023641213934771995
2021-05-25,RKT,0.0,-0.0053396837065636665
2021-05-26,RKT,1.0,0.03793858232546285
2021-05-27,RKT,0.0,0.049717097313366515
2021-05-28,RKT,4.0,-0.03550019518988135
2021-05-31,RKT,1.0,
2021-05-31,RKT,0.0,
2021-06-01,RKT,0.0,
2021-06-01,RKT,0.0,
2021-01-28,WWE,1.0,0.0
2021-01-29,WWE,3.0,-0.0028364001616853042
2021-02-01,WWE,1.0,0.021948012124397145
2021-02-01,WWE,0.0,0.021948012124397145
2021-02-01,WWE,1.0,0.021948012124397145
2021-02-02,WWE,0.0,-0.007320946849238135
2021-02-03,WWE,0.0,-0.011436756200764028
2021-02-04,WWE,1.0,-0.009065912192260299
2021-02-05,WWE,1.0,-0.12884852401674526
2021-02-08,WWE,0.0,-0.03745914155870821
2021-02-08,WWE,1.0,-0.03745914155870821
2021-02-08,WWE,0.0,-0.03745914155870821
2021-02-09,WWE,0.0,-0.0038030278772786317
2021-02-10,WWE,0.0,-0.011925153540540653
2021-02-11,WWE,0.0,0.008107607411345025
2021-02-12,WWE,0.0,-0.013908531978731983
2021-02-15,WWE,1.0,
2021-02-15,WWE,0.0,
2021-02-16,WWE,0.0,0.0019374103003621413
2021-02-16,WWE,0.0,0.0019374103003621413
2021-02-17,WWE,0.0,0.021066914828741293
2021-02-18,WWE,0.0,-0.004643403816151354
2021-02-19,WWE,0.0,-0.009778912219792026
2021-02-22,WWE,0.0,0.01946320273585406
2021-02-22,WWE,0.0,0.01946320273585406
2021-02-22,WWE,0.0,0.01946320273585406
2021-02-23,WWE,0.0,0.010628488090756286
2021-02-24,WWE,0.0,0.03202716310655912
2021-02-25,WWE,0.0,-0.018438381951027906
2021-02-26,WWE,0.0,0.01017309607322399
2021-03-01,WWE,0.0,0.06067224119329907
2021-03-01,WWE,0.0,0.06067224119329907
2021-03-01,WWE,0.0,0.06067224119329907
2021-03-02,WWE,0.0,0.0077806099933639865
2021-03-03,WWE,0.0,-0.02062719521691357
2021-03-04,WWE,0.0,0.014559701463595828
2021-03-05,WWE,0.0,0.03586487233619196
2021-03-08,WWE,0.0,0.04045491854144522
2021-03-08,WWE,0.0,0.04045491854144522
2021-03-08,WWE,0.0,0.04045491854144522
2021-03-09,WWE,0.0,-0.012054754695239105
2021-03-10,WWE,0.0,0.02030265358446904
2021-03-11,WWE,0.0,0.018355395217315357
2021-03-12,WWE,1.0,-0.016469072734455813
2021-03-15,WWE,0.0,0.008008383599250461
2021-03-15,WWE,0.0,0.008008383599250461
2021-03-15,WWE,0.0,0.008008383599250461
2021-03-16,WWE,0.0,0.0008666791776099793
2021-03-17,WWE,0.0,-0.020124951093965986
2021-03-18,WWE,0.0,-0.010841670523514917
2021-03-19,WWE,0.0,0.020517165894940567
2021-03-22,WWE,0.0,0.010795903972350016
2021-03-22,WWE,0.0,0.010795903972350016
2021-03-22,WWE,0.0,0.010795903972350016
2021-03-23,WWE,0.0,-0.02401312015899122
2021-03-24,WWE,0.0,0.0038952107056166763
2021-03-25,WWE,0.0,-0.023963953452945788
2021-03-26,WWE,0.0,-0.004535155165391262
2021-03-29,WWE,0.0,0.019624361008186365
2021-03-29,WWE,0.0,0.019624361008186365
2021-03-29,WWE,0.0,0.019624361008186365
2021-03-30,WWE,0.0,-0.002499097846629202
2021-03-31,WWE,0.0,-0.030671172097020877
2021-04-01,WWE,0.0,0.0242160554132512
2021-04-05,WWE,0.0,-0.0018004771243537482
2021-04-05,WWE,0.0,-0.0018004771243537482
2021-04-05,WWE,0.0,-0.0018004771243537482
2021-04-05,WWE,0.0,-0.0018004771243537482
2021-04-06,WWE,0.0,0.010041281320498922
2021-04-07,WWE,0.0,0.007996502245991875
2021-04-08,WWE,0.0,-0.007283091911738017
2021-04-09,WWE,0.0,0.03967318787231633
2021-04-12,WWE,0.0,-0.0270944218179005
2021-04-12,WWE,0.0,-0.0270944218179005
2021-04-12,WWE,2.0,-0.0270944218179005
2021-04-13,WWE,0.0,-0.007954098887884436
2021-04-14,WWE,0.0,-0.0021317992439936284
2021-04-15,WWE,0.0,0.009029044799229995
2021-04-16,WWE,0.0,-0.006719761102428831
2021-04-19,WWE,0.0,0.006719761102428852
2021-04-19,WWE,0.0,0.006719761102428852
2021-04-19,WWE,0.0,0.006719761102428852
2021-04-20,WWE,0.0,-0.0028238607267793486
2021-04-21,WWE,0.0,0.006342459496033213
2021-04-22,WWE,0.0,-0.012725470540324024
2021-04-23,WWE,0.0,-0.03603833477953747
2021-04-26,WWE,0.0,0.025308577190203557
2021-04-26,WWE,0.0,0.025308577190203557
2021-04-26,WWE,0.0,0.025308577190203557
2021-04-27,WWE,0.0,0.002334580738207381
2021-04-28,WWE,0.0,-0.003593907988872805
2021-04-29,WWE,0.0,0.002337519155695723
2021-04-30,WWE,0.0,-0.010289822536756294
2021-05-03,WWE,0.0,0.01405426339072578
2021-05-05,WWE,0.0,-0.002395230422509039
2021-05-06,WWE,0.0,0.013740254872312962
2021-05-07,WWE,0.0,-0.001638899651431463
2021-05-10,WWE,0.0,-0.005116013015767435
2021-05-10,WWE,0.0,-0.005116013015767435
2021-05-10,WWE,0.0,-0.005116013015767435
2021-05-11,WWE,0.0,-0.009941188619049522
2021-05-12,WWE,0.0,-0.023208937246562703
2021-05-13,WWE,0.0,0.0
2021-05-14,WWE,0.0,0.016526146133109272
2021-05-17,WWE,0.0,0.0039037673680675056
2021-05-17,WWE,0.0,0.0039037673680675056
2021-05-17,WWE,0.0,0.0039037673680675056
2021-05-18,WWE,1.0,-0.01740476762277885
2021-05-19,WWE,1.0,-0.005300080444018577
2021-05-20,WWE,0.0,0.03615754380183813
2021-05-21,WWE,0.0,0.05207091995147365
2021-05-24,WWE,0.0,0.0064085945530400765
2021-05-24,WWE,0.0,0.0064085945530400765
2021-05-24,WWE,0.0,0.0064085945530400765
2021-05-25,WWE,0.0,-0.011111215122715117
2021-05-26,WWE,0.0,-0.007007697067849544
2021-05-27,WWE,0.0,-0.0036988664026842495
2021-05-28,WWE,0.0,-0.014754476683990004
2021-05-31,WWE,0.0,
2021-05-31,WWE,0.0,
2021-06-01,WWE,0.0,
2021-06-01,WWE,0.0,
2021-01-28,FORD,7.0,0.0
2021-01-29,FORD,97.0,0.042145658041861954
2021-02-01,FORD,30.0,0.2161349128359406
2021-02-01,FORD,29.0,0.2161349128359406
2021-02-01,FORD,19.0,0.2161349128359406
2021-02-02,FORD,29.0,-0.12806590792969572
2021-02-03,FORD,71.0,0.04546233095194954
2021-02-04,FORD,32.0,0.005540175253055282
2021-02-05,FORD,105.0,0.18140038904664704
2021-02-08,FORD,53.0,0.0023014399062319967
2021-02-08,FORD,20.0,0.0023014399062319967
2021-02-08,FORD,9.0,0.0023014399062319967
2021-02-09,FORD,4.0,-0.023256840240719518
2021-02-10,FORD,15.0,-0.014218235345845086
2021-02-11,FORD,9.0,-0.06660907432536828
2021-02-12,FORD,5.0,0.06899280661114685
2021-02-15,FORD,9.0,
2021-02-15,FORD,6.0,
2021-02-16,FORD,6.0,0.1500607634398044
2021-02-16,FORD,6.0,0.1500607634398044
2021-02-17,FORD,6.0,-0.0291081558963865
2021-02-18,FORD,7.0,-0.06088831283457127
2021-02-19,FORD,4.0,0.02873128273089676
2021-02-22,FORD,7.0,-0.09596400320938238
2021-02-22,FORD,2.0,-0.09596400320938238
2021-02-22,FORD,0.0,-0.09596400320938238
2021-02-23,FORD,8.0,-0.13318886038415675
2021-02-24,FORD,5.0,0.07136447954264882
2021-02-25,FORD,8.0,-0.08793949467319467
2021-02-26,FORD,13.0,0.008321815632248535
2021-03-01,FORD,2.0,0.07961767904094626
2021-03-01,FORD,6.0,0.07961767904094626
2021-03-01,FORD,6.0,0.07961767904094626
2021-03-02,FORD,7.0,-0.036367671202459595
2021-03-03,FORD,10.0,-0.024097528503317416
2021-03-04,FORD,11.0,-0.1300531408116579
2021-03-05,FORD,8.0,-0.0030911896080080296
2021-03-08,FORD,5.0,0.0030911896080078717
2021-03-08,FORD,1.0,0.0030911896080078717
2021-03-08,FORD,3.0,0.0030911896080078717
2021-03-09,FORD,5.0,0.04820212692368266
2021-03-10,FORD,9.0,0.04035125669834219
2021-03-11,FORD,5.0,0.002820873685589742
2021-03-12,FORD,10.0,-0.03730701667260708
2021-03-15,FORD,2.0,0.008733671481950537
2021-03-15,FORD,6.0,0.008733671481950537
2021-03-15,FORD,5.0,0.008733671481950537
2021-03-16,FORD,10.0,-0.0234615344590948
2021-03-17,FORD,4.0,-0.024025157223084494
2021-03-18,FORD,8.0,-0.07574597819714102
2021-03-19,FORD,1.0,-0.02995229376185531
2021-03-22,FORD,4.0,-0.03787032040515782
2021-03-22,FORD,5.0,-0.03787032040515782
2021-03-22,FORD,4.0,-0.03787032040515782
2021-03-23,FORD,4.0,-0.05406717014738315
2021-03-24,FORD,2.0,0.09193749055254091
2021-03-25,FORD,6.0,0.0033726812242225266
2021-03-26,FORD,2.0,-0.016978320039428552
2021-03-29,FORD,2.0,-0.03130695771209884
2021-03-29,FORD,1.0,-0.03130695771209884
2021-03-29,FORD,1.0,-0.03130695771209884
2021-03-30,FORD,1.0,-0.017825767285058483
2021-03-31,FORD,0.0,0.02486804340720562
2021-04-01,FORD,1.0,-0.01058209954104666
2021-04-05,FORD,2.0,0.0348467811309983
2021-04-05,FORD,2.0,0.0348467811309983
2021-04-05,FORD,0.0,0.0348467811309983
2021-04-05,FORD,1.0,0.0348467811309983
2021-04-06,FORD,3.0,0.0034188034047501876
2021-04-07,FORD,2.0,0.030254379258050666
2021-04-08,FORD,0.0,-0.006644536402944578
2021-04-09,FORD,1.0,-0.0168071021524099
2021-04-12,FORD,1.0,-0.06657451024198283
2021-04-12,FORD,2.0,-0.06657451024198283
2021-04-12,FORD,2.0,-0.06657451024198283
2021-04-13,FORD,2.0,0.007220241137379365
2021-04-14,FORD,3.0,-0.01814930122760286
2021-04-15,FORD,1.0,0.007299295494986573
2021-04-16,FORD,0.0,0.0
2021-04-19,FORD,1.0,0.0072464016350320464
2021-04-19,FORD,0.0,0.0072464016350320464
2021-04-19,FORD,0.0,0.0072464016350320464
2021-04-20,FORD,0.0,-0.0405211582527287
2021-04-21,FORD,2.0,0.014925635610135516
2021-04-22,FORD,1.0,0.003696858297064305
2021-04-23,FORD,1.0,-0.0036968582970643505
2021-04-26,FORD,1.0,0.003696858297064305
2021-04-26,FORD,0.0,0.003696858297064305
2021-04-26,FORD,0.0,0.003696858297064305
2021-04-27,FORD,0.0,-0.011131829535814333
2021-04-28,FORD,1.0,0.011131829535814371
2021-04-29,FORD,2.0,0.0
2021-04-30,FORD,1.0,-0.0036968582970643505
2021-05-03,FORD,0.0,0.014706133209623233
2021-05-05,FORD,0.0,-0.015873334137796888
2021-05-06,FORD,3.0,-0.0833816296711016
2021-05-07,FORD,3.0,0.054982182621502826
2021-05-10,FORD,0.0,-0.029229710237960217
2021-05-10,FORD,1.0,-0.029229710237960217
2021-05-10,FORD,2.0,-0.029229710237960217
2021-05-11,FORD,2.0,-0.02575247238354272
2021-05-12,FORD,2.0,-0.008733671785050415
2021-05-13,FORD,1.0,-0.0311828976272682
2021-05-14,FORD,4.0,0.0
2021-05-17,FORD,0.0,0.03118289762726816
2021-05-17,FORD,2.0,0.03118289762726816
2021-05-17,FORD,0.0,0.03118289762726816
2021-05-18,FORD,0.0,0.06782263233811488
2021-05-19,FORD,0.0,0.012220099466856656
2021-05-20,FORD,1.0,0.13605852247317993
2021-05-21,FORD,3.0,-0.06571700871031438
2021-05-24,FORD,0.0,-0.046340384554802584
2021-05-24,FORD,0.0,-0.046340384554802584
2021-05-24,FORD,1.0,-0.046340384554802584
2021-05-25,FORD,0.0,-0.052750514340708723
2021-05-26,FORD,2.0,0.016529285665789057
2021-05-27,FORD,0.0,0.14827862194003658
2021-05-28,FORD,9.0,0.007042276122147243
2021-05-31,FORD,1.0,
2021-05-31,FORD,2.0,
2021-06-01,FORD,5.0,
2021-06-01,FORD,0.0,
2021-05-04,AMC,,-0.03351095644909652
2021-05-04,BB,,-0.029465892535459993
2021-05-04,CLF,,0.11160137819685684
2021-05-04,CLNE,,-0.022884293434025923
2021-05-04,CLOV,,-0.025069382349310925
2021-05-04,FORD,,-0.07579385786859011
2021-05-04,GME,,-0.009104210867082272
2021-05-04,PLTR,,-0.030043218480046298
2021-05-04,RKT,,-0.00044455341619938657
2021-05-04,SENS,,-0.04020638193114397
2021-05-04,WKHS,,-0.044529419596116476
2021-05-04,WWE,,-0.028124855554797344
