,Date,ticker,percent_change
0,2021-01-04,AMC,0.0
1,2021-01-05,AMC,-0.015037862986818345
2,2021-01-06,AMC,0.01503786298681836
3,2021-01-07,AMC,0.01970505256363138
4,2021-01-08,AMC,0.04296610816443407
5,2021-01-11,AMC,0.02765150398428485
6,2021-01-12,AMC,0.04009441886939522
7,2021-01-13,AMC,-0.049226893484514554
8,2021-01-14,AMC,0.0
9,2021-01-15,AMC,0.06654332740985908
10,2021-01-19,AMC,0.2725466624313667
11,2021-01-20,AMC,-0.029852934817110672
12,2021-01-21,AMC,0.003361344470129735
13,2021-01-22,AMC,0.16369272784294178
14,2021-01-25,AMC,0.23052367858992662
15,2021-01-26,AMC,0.11526603507707774
16,2021-01-27,AMC,1.3893139641333554
17,2021-01-28,AMC,-0.8354751942049522
18,2021-01-29,AMC,0.42950748366262864
19,2021-02-01,AMC,0.003012047549885274
20,2021-02-02,AMC,-0.5310794730598729
21,2021-02-03,AMC,0.13720112933100007
22,2021-02-04,AMC,-0.23520034377420207
23,2021-02-05,AMC,-0.037360699653318105
24,2021-02-08,AMC,-0.10000641871960485
25,2021-02-09,AMC,-0.1165701514542519
26,2021-02-10,AMC,0.053109858199269055
27,2021-02-11,AMC,-0.033307207103730634
28,2021-02-12,AMC,-0.003571428870374839
29,2021-02-16,AMC,0.010676247573951962
30,2021-02-17,AMC,-0.017857599912556258
31,2021-02-18,AMC,-0.0072332974208092074
32,2021-02-19,AMC,0.033901476674071666
33,2021-02-22,AMC,0.1389989373887394
34,2021-02-23,AMC,0.16175522532188982
35,2021-02-24,AMC,0.16595462088685756
36,2021-02-25,AMC,-0.09212496043009519
37,2021-02-26,AMC,-0.03435917489085989
38,2021-03-01,AMC,0.13633644822116894
39,2021-03-02,AMC,-0.02761080881332097
40,2021-03-03,AMC,-0.03998252445482404
41,2021-03-04,AMC,-0.06624940990303181
42,2021-03-05,AMC,0.0024876204194728023
43,2021-03-08,AMC,0.1432664335952632
44,2021-03-09,AMC,0.12243670844397092
45,2021-03-10,AMC,-0.06390376325158985
46,2021-03-11,AMC,0.04272874013956596
47,2021-03-12,AMC,0.08213570922896114
48,2021-03-15,AMC,0.2295744526002294
49,2021-03-16,AMC,-0.07542372394172156
50,2021-03-17,AMC,0.04063764151851059
51,2021-03-18,AMC,0.03193301615782521
52,2021-03-19,AMC,-0.005012519915735403
53,2021-03-22,AMC,-0.10911650388724413
54,2021-03-23,AMC,-0.15842990138864177
55,2021-03-24,AMC,-0.16705401959925353
56,2021-03-25,AMC,0.1929813738132624
57,2021-03-26,AMC,-0.06612416137802653
58,2021-03-29,AMC,0.010684959308736123
59,2021-03-30,AMC,0.0
60,2021-03-31,AMC,-0.013618920655545288
61,2021-04-01,AMC,-0.08692238210309187
62,2021-04-05,AMC,0.1253516664577603
63,2021-04-06,AMC,-0.03940921867675014
64,2021-04-07,AMC,-0.03491620767884109
65,2021-04-08,AMC,-0.006110041265993058
66,2021-04-09,AMC,-0.03852635595847817
67,2021-04-12,AMC,-0.0887500252880235
68,2021-04-13,AMC,0.025201822511232434
69,2021-04-14,AMC,0.05608949018887051
70,2021-04-15,AMC,0.05715833450875195
71,2021-04-16,AMC,-0.0592997119262672
72,2021-04-19,AMC,0.03475862574659801
73,2021-04-20,AMC,-0.04013211440512592
74,2021-04-21,AMC,0.05247793871971383
75,2021-04-22,AMC,0.021245113006200717
76,2021-04-23,AMC,0.01687385738247531
77,2021-04-26,AMC,0.12388860823736177
78,2021-04-27,AMC,-0.0034843207539046917
79,2021-04-28,AMC,-0.05469759947033161
80,2021-04-29,AMC,-0.06177741355423928
81,2021-04-30,AMC,-0.016807126239896834
82,2021-05-03,AMC,-0.03242428911897102
83,2021-05-04,AMC,-0.03351095644909652
84,2021-05-05,AMC,-0.023708035194440612
85,2021-05-06,AMC,-0.01871271725210451
86,2021-05-07,AMC,0.05511932328856983
87,2021-05-10,AMC,0.023897193530492283
88,2021-05-11,AMC,0.03133155932839626
89,2021-05-12,AMC,0.026511076998441747
90,2021-05-13,AMC,0.2130149754091304
91,2021-05-14,AMC,0.016310970117846407
92,2021-05-17,AMC,0.072069818585528
93,2021-05-18,AMC,0.005718380487042847
94,2021-05-19,AMC,-0.10433145920134611
95,2021-05-20,AMC,-0.00714573510453144
96,2021-05-21,AMC,-0.038169494584844886
97,2021-05-24,AMC,0.12438374831163039
98,2021-05-25,AMC,0.18195596130095437
99,2021-05-26,AMC,0.17559574149958213
100,2021-05-27,AMC,0.3044125452756235
101,2021-05-28,AMC,-0.01519784604058975
102,2021-01-04,BB,0.0
103,2021-01-05,BB,0.028466350364428423
104,2021-01-06,BB,-0.008902127438146466
105,2021-01-07,BB,0.05084608673158658
106,2021-01-08,BB,0.06842613922232794
107,2021-01-11,BB,0.011834477682177559
108,2021-01-12,BB,-0.0026178000096001106
109,2021-01-13,BB,-0.025217003759252895
110,2021-01-14,BB,0.20250181704958237
111,2021-01-15,BB,0.07708305298555682
112,2021-01-19,BB,0.22720036739116137
113,2021-01-20,BB,0.03500751864596636
114,2021-01-21,BB,0.0046802284193995245
115,2021-01-22,BB,0.08856655485305573
116,2021-01-25,BB,0.25012667941808103
117,2021-01-26,BB,0.04818249235745651
118,2021-01-27,BB,0.2826482936795534
119,2021-01-28,BB,-0.5384275519115483
120,2021-01-29,BB,-0.038265484985474
121,2021-02-01,BB,0.03689939841566589
122,2021-02-02,BB,-0.2363887693727352
123,2021-02-03,BB,0.03822119630635695
124,2021-02-04,BB,0.01242248860187142
125,2021-02-05,BB,0.08515780513656337
126,2021-02-08,BB,0.03927890561261692
127,2021-02-09,BB,-0.024274815880467156
128,2021-02-10,BB,-0.024878773931652682
129,2021-02-11,BB,-0.05008874290607006
130,2021-02-12,BB,0.04549803715226361
131,2021-02-16,BB,-0.0657662623262721
132,2021-02-17,BB,-0.0756842454308083
133,2021-02-18,BB,-0.03414528717839902
134,2021-02-19,BB,-0.0036630043997713676
135,2021-02-22,BB,-0.020389892131315025
136,2021-02-23,BB,-0.02656709263901477
137,2021-02-24,BB,0.08476527634850042
138,2021-02-25,BB,-0.06760562659703986
139,2021-02-26,BB,-0.05139276573532741
140,2021-03-01,BB,0.08210713237524363
141,2021-03-02,BB,-0.03830452869544381
142,2021-03-03,BB,-0.03390158925890639
143,2021-03-04,BB,-0.031017941333510008
144,2021-03-05,BB,-0.04044100524899357
145,2021-03-08,BB,0.03125256368768811
146,2021-03-09,BB,0.06933467514892402
147,2021-03-10,BB,-0.010582076321347477
148,2021-03-11,BB,0.034223839804839895
149,2021-03-12,BB,0.10208417613050559
150,2021-03-15,BB,-0.014449896244533628
151,2021-03-16,BB,-0.019015288912844406
152,2021-03-17,BB,0.012142416382340095
153,2021-03-18,BB,-0.07516955499245541
154,2021-03-19,BB,0.017503862838616414
155,2021-03-22,BB,-0.02216155082233442
156,2021-03-23,BB,-0.061617211596435795
157,2021-03-24,BB,-0.049883092406138634
158,2021-03-25,BB,0.030834939323973506
159,2021-03-26,BB,-0.025629285649038977
160,2021-03-29,BB,-0.04567977437088218
161,2021-03-30,BB,0.01510280525484022
162,2021-03-31,BB,-0.10250946036286067
163,2021-04-01,BB,0.01996543940148231
164,2021-04-05,BB,0.07825217305192905
165,2021-04-06,BB,-0.03390159764441007
166,2021-04-07,BB,-0.008938598666671934
167,2021-04-08,BB,0.05778171134923383
168,2021-04-09,BB,-0.03339022856500764
169,2021-04-12,BB,-0.01101336928388219
170,2021-04-13,BB,0.00772211758495669
171,2021-04-14,BB,-0.011049878106334215
172,2021-04-15,BB,-0.02588771875558723
173,2021-04-16,BB,-0.008013854843641812
174,2021-04-19,BB,-0.009237932337597185
175,2021-04-20,BB,-0.048732143288652684
176,2021-04-21,BB,0.05336177684375448
177,2021-04-22,BB,-0.002312082402101478
178,2021-04-23,BB,0.024014879571367914
179,2021-04-26,BB,0.02675742285197275
180,2021-04-27,BB,0.021763623743772803
181,2021-04-28,BB,0.0010758719488282876
182,2021-04-29,BB,-0.02614525429813932
183,2021-04-30,BB,-0.02571416039463819
184,2021-05-03,BB,-0.025230727410803372
185,2021-05-04,BB,-0.029465892535459993
186,2021-05-05,BB,-0.016888144475949773
187,2021-05-06,BB,-0.00855236110667575
188,2021-05-07,BB,0.039692515375576325
189,2021-05-10,BB,-0.04214945818615237
190,2021-05-11,BB,0.020694600146563102
191,2021-05-12,BB,-0.04308363310822241
192,2021-05-13,BB,-0.0012586222087822433
193,2021-05-14,BB,0.061068976424594766
194,2021-05-17,BB,0.005906714474018167
195,2021-05-18,BB,0.032447885216367926
196,2021-05-19,BB,-0.02657585524701231
197,2021-05-20,BB,0.027715373900101106
198,2021-05-21,BB,-0.030059982664367525
199,2021-05-24,BB,0.0116686768300396
200,2021-05-25,BB,-0.003486317639796057
201,2021-05-26,BB,0.09435718194688983
202,2021-05-27,BB,0.05462467505049029
203,2021-05-28,BB,0.009980065668053232
204,2021-01-04,CLF,0.0
205,2021-01-05,CLF,0.08504456305789959
206,2021-01-06,CLF,0.1039582755984872
207,2021-01-07,CLF,0.014249314845283403
208,2021-01-08,CLF,0.020723274735013564
209,2021-01-11,CLF,0.003872740213453011
210,2021-01-12,CLF,0.024544392985615816
211,2021-01-13,CLF,-0.04293442987865773
212,2021-01-14,CLF,0.02059627098850356
213,2021-01-15,CLF,-0.0965230429888403
214,2021-01-19,CLF,0.0742380192170213
215,2021-01-20,CLF,-0.03964900516255908
216,2021-01-21,CLF,-0.044345179922401355
217,2021-01-22,CLF,0.004889980733338848
218,2021-01-25,CLF,0.01091583353578073
219,2021-01-26,CLF,-0.045027620714804054
220,2021-01-27,CLF,-0.008872069695053374
221,2021-01-28,CLF,0.020164554760762638
222,2021-01-29,CLF,-0.04399820357031976
223,2021-02-01,CLF,0.021922228498833234
224,2021-02-02,CLF,-0.03240724231371265
225,2021-02-03,CLF,-0.0006589936815845543
226,2021-02-04,CLF,0.05264371414209608
227,2021-02-05,CLF,0.04284625714060034
228,2021-02-08,CLF,0.03762932965269221
229,2021-02-09,CLF,-0.08486291411652415
230,2021-02-10,CLF,0.04303065471412177
231,2021-02-11,CLF,0.005998726666547746
232,2021-02-12,CLF,-0.007202848246638382
233,2021-02-16,CLF,0.015541270432267737
234,2021-02-17,CLF,0.03324888826571094
235,2021-02-18,CLF,-0.04879015869797875
236,2021-02-19,CLF,0.02498643169825936
237,2021-02-22,CLF,0.021506143227483315
238,2021-02-23,CLF,-0.032732289598840496
239,2021-02-24,CLF,0.004150595687350885
240,2021-02-25,CLF,-0.15939119993445153
241,2021-02-26,CLF,-0.07715534749655262
242,2021-03-01,CLF,0.04757572039115099
243,2021-03-02,CLF,0.04814327165790914
244,2021-03-03,CLF,-0.02413080745890135
245,2021-03-04,CLF,-0.04788339354378152
246,2021-03-05,CLF,0.03312038098798776
247,2021-03-08,CLF,0.03548199889416347
248,2021-03-09,CLF,0.06483748967919149
249,2021-03-10,CLF,0.022800266414002433
250,2021-03-11,CLF,0.05660162040928168
251,2021-03-12,CLF,0.03717043978372318
252,2021-03-15,CLF,-0.02599053308458818
253,2021-03-16,CLF,-0.07091732084741903
254,2021-03-17,CLF,0.05141892350180079
255,2021-03-18,CLF,-0.004185339037968867
256,2021-03-19,CLF,-0.0036015269325940123
257,2021-03-22,CLF,-0.04740804818019051
258,2021-03-23,CLF,-0.07527265735300336
259,2021-03-24,CLF,-0.006821334943168157
260,2021-03-25,CLF,0.03761359612625962
261,2021-03-26,CLF,0.08827401463139825
262,2021-03-29,CLF,-0.02073245969939003
263,2021-03-30,CLF,0.06037089863762461
264,2021-03-31,CLF,0.15398498217587148
265,2021-04-01,CLF,-0.03491376734340347
266,2021-04-05,CLF,-0.001546029014892687
267,2021-04-06,CLF,-0.04860968074202498
268,2021-04-07,CLF,-0.01968345143710654
269,2021-04-08,CLF,-0.0011049977556479849
270,2021-04-09,CLF,-0.01447688024605001
271,2021-04-12,CLF,-0.016398388455506605
272,2021-04-13,CLF,-0.005717590037174556
273,2021-04-14,CLF,0.0595446898473104
274,2021-04-15,CLF,-0.02905113536684291
275,2021-04-16,CLF,0.000556031655845602
276,2021-04-19,CLF,-0.0339207419713721
277,2021-04-20,CLF,-0.04649257492574259
278,2021-04-21,CLF,0.026747440639741524
279,2021-04-22,CLF,0.002343347073646434
280,2021-04-23,CLF,0.05076649752788101
281,2021-04-26,CLF,0.051487977758638455
282,2021-04-27,CLF,-0.0127593313005263
283,2021-04-28,CLF,-0.018359054752862345
284,2021-04-29,CLF,-0.05373430202077616
285,2021-04-30,CLF,0.026668316354228134
286,2021-05-03,CLF,0.019407233840867393
287,2021-05-04,CLF,0.11160137819685684
288,2021-05-05,CLF,-0.007889579483857942
289,2021-05-06,CLF,0.012789073599859131
290,2021-05-07,CLF,0.03174878279819244
291,2021-05-10,CLF,-0.019603867374015982
292,2021-05-11,CLF,0.03183923514322545
293,2021-05-12,CLF,-0.06822475329982709
294,2021-05-13,CLF,-0.008549213875678856
295,2021-05-14,CLF,-0.014754732801659539
296,2021-05-17,CLF,0.06834337998453664
297,2021-05-18,CLF,-0.03160971324019668
298,2021-05-19,CLF,-0.06164411572055084
299,2021-05-20,CLF,-0.03257968242125392
300,2021-05-21,CLF,-0.0197375165515265
301,2021-05-24,CLF,0.02730918016585569
302,2021-05-25,CLF,-0.01958706258089904
303,2021-05-26,CLF,0.03879793165368287
304,2021-05-27,CLF,0.06546307452025643
305,2021-05-28,CLF,-0.00396825523349915
306,2021-01-04,CLNE,0.0
307,2021-01-05,CLNE,0.10305906357184555
308,2021-01-06,CLNE,0.03620301350546104
309,2021-01-07,CLNE,0.2097205653487105
310,2021-01-08,CLNE,-0.07966743710051266
311,2021-01-11,CLNE,-0.043875389232763184
312,2021-01-12,CLNE,0.011150612636049297
313,2021-01-13,CLNE,0.048213938981355585
314,2021-01-14,CLNE,-0.019399232056248474
315,2021-01-15,CLNE,-0.039965319561156475
316,2021-01-19,CLNE,0.013164662101868055
317,2021-01-20,CLNE,0.06428705865220875
318,2021-01-21,CLNE,-0.04042899600538
319,2021-01-22,CLNE,0.037594729909914144
320,2021-01-25,CLNE,0.09985823251787919
321,2021-01-26,CLNE,-0.01205874575382084
322,2021-01-27,CLNE,-0.04792398497595275
323,2021-01-28,CLNE,-0.05225073053704914
324,2021-01-29,CLNE,-0.0203200070449693
325,2021-02-01,CLNE,0.032695235793912904
326,2021-02-02,CLNE,-0.009505720623635559
327,2021-02-03,CLNE,0.20327212229438832
328,2021-02-04,CLNE,-0.0023409868542851636
329,2021-02-05,CLNE,0.013193833089808524
330,2021-02-08,CLNE,0.3204843572180513
331,2021-02-09,CLNE,0.04218640037866978
332,2021-02-10,CLNE,-0.09563205576293055
333,2021-02-11,CLNE,-0.012474233113444593
334,2021-02-12,CLNE,0.032924865009574165
335,2021-02-16,CLNE,-0.08255216743789097
336,2021-02-17,CLNE,-0.02415884272382897
337,2021-02-18,CLNE,-0.10079493312955146
338,2021-02-19,CLNE,0.0640935381755606
339,2021-02-22,CLNE,-0.02227563810656363
340,2021-02-23,CLNE,-0.0751060700331808
341,2021-02-24,CLNE,0.016782556866333793
342,2021-02-25,CLNE,-0.07277295522975134
343,2021-02-26,CLNE,0.014677712545537078
344,2021-03-01,CLNE,0.056647052411400285
345,2021-03-02,CLNE,-0.04218166245809083
346,2021-03-03,CLNE,-0.07614499434937837
347,2021-03-04,CLNE,-0.004906013071851137
348,2021-03-05,CLNE,-0.04698846430683228
349,2021-03-08,CLNE,-0.08326958377690706
350,2021-03-09,CLNE,0.09692165961412422
351,2021-03-10,CLNE,0.14123469175541561
352,2021-03-11,CLNE,0.021114723932675376
353,2021-03-12,CLNE,0.06889678945228825
354,2021-03-15,CLNE,0.034372217382989116
355,2021-03-16,CLNE,-0.027669753889826162
356,2021-03-17,CLNE,0.015247199034751718
357,2021-03-18,CLNE,-0.05545705505264449
358,2021-03-19,CLNE,0.08527132056761823
359,2021-03-22,CLNE,0.017721966218448897
360,2021-03-23,CLNE,-0.15802685559970445
361,2021-03-24,CLNE,-0.040485287150805245
362,2021-03-25,CLNE,0.040485287150805134
363,2021-03-26,CLNE,-0.00811510599321887
364,2021-03-29,CLNE,-0.05480825738926818
365,2021-03-30,CLNE,0.03309269336685292
366,2021-03-31,CLNE,0.039337148714168046
367,2021-04-01,CLNE,0.05521577078693671
368,2021-04-05,CLNE,-0.0728373554786895
369,2021-04-06,CLNE,0.027038540631388948
370,2021-04-07,CLNE,-0.02555812160269559
371,2021-04-08,CLNE,-0.031557845146145305
372,2021-04-09,CLNE,-0.06382633885289178
373,2021-04-12,CLNE,-0.09465942545050589
374,2021-04-13,CLNE,0.040320976774838986
375,2021-04-14,CLNE,0.017880427974304437
376,2021-04-15,CLNE,-0.063582621241691
377,2021-04-16,CLNE,0.001796986787069242
378,2021-04-19,CLNE,0.06094137702529407
379,2021-04-20,CLNE,-0.2361072582438543
380,2021-04-21,CLNE,0.09967589164638353
381,2021-04-22,CLNE,-0.024499020671500924
382,2021-04-23,CLNE,0.03029058308033268
383,2021-04-26,CLNE,0.07417664666986357
384,2021-04-27,CLNE,0.02209546444729485
385,2021-04-28,CLNE,0.023327231595396934
386,2021-04-29,CLNE,-0.03210686911193847
387,2021-04-30,CLNE,-0.030441038956957656
388,2021-05-03,CLNE,0.0045351724264647095
389,2021-05-04,CLNE,-0.022884293434025923
390,2021-05-05,CLNE,-0.02531785100378671
391,2021-05-06,CLNE,-0.07286684814112787
392,2021-05-07,CLNE,-0.10433961722762417
393,2021-05-10,CLNE,-0.004545458184549777
394,2021-05-11,CLNE,-0.02771537390010107
395,2021-05-12,CLNE,-0.04920006569752712
396,2021-05-13,CLNE,-0.03250288974819374
397,2021-05-14,CLNE,0.047155152458690654
398,2021-05-17,CLNE,-0.014652262710496819
399,2021-05-18,CLNE,-0.012376442931321981
400,2021-05-19,CLNE,-0.02012644681687179
401,2021-05-20,CLNE,-0.029660462185177403
402,2021-05-21,CLNE,0.011711279364071547
403,2021-05-24,CLNE,0.02932013958183173
404,2021-05-25,CLNE,-0.04234114435344971
405,2021-05-26,CLNE,0.05234121815105145
406,2021-05-27,CLNE,0.0061996714854702225
407,2021-05-28,CLNE,-0.02123753447228848
408,2021-01-04,CLOV,0.0
409,2021-01-05,CLOV,-0.03387942964195781
410,2021-01-06,CLOV,-0.03781682368717793
411,2021-01-07,CLOV,0.09762251101028976
412,2021-01-08,CLOV,-0.007518884980345283
413,2021-01-11,CLOV,-0.05960313770362849
414,2021-01-12,CLOV,-0.024325501036814107
415,2021-01-13,CLOV,-0.043333116878677615
416,2021-01-14,CLOV,0.0007140470706901444
417,2021-01-15,CLOV,-0.05652884346423448
418,2021-01-19,CLOV,0.03779629089086592
419,2021-01-20,CLOV,-0.0014556376730996761
420,2021-01-21,CLOV,-0.010248947048474568
421,2021-01-22,CLOV,-0.0029476779889225277
422,2021-01-25,CLOV,0.02765824829743975
423,2021-01-26,CLOV,0.12343028925316889
424,2021-01-27,CLOV,-0.10071819223803254
425,2021-01-28,CLOV,-0.012712057278183104
426,2021-01-29,CLOV,-0.008565354841851947
427,2021-02-01,CLOV,-0.010086496788435121
428,2021-02-02,CLOV,0.01151919457712666
429,2021-02-03,CLOV,-0.0014326977886916132
430,2021-02-04,CLOV,-0.13158758232511675
431,2021-02-05,CLOV,0.055658304116406626
432,2021-02-08,CLOV,-0.044276039233006825
433,2021-02-09,CLOV,0.061907737149438924
434,2021-02-10,CLOV,-0.05145326999409109
435,2021-02-11,CLOV,-0.03998898915875849
436,2021-02-12,CLOV,0.005811531041447916
437,2021-02-16,CLOV,-0.05007411425037097
438,2021-02-17,CLOV,-0.014906026124528668
439,2021-02-18,CLOV,-0.04425099184783159
440,2021-02-19,CLOV,0.01375534042248958
441,2021-02-22,CLOV,0.009066280042699298
442,2021-02-23,CLOV,-0.08964034487558278
443,2021-02-24,CLOV,0.020518554279512564
444,2021-02-25,CLOV,-0.06286359760547136
445,2021-02-26,CLOV,-0.03244663753778943
446,2021-03-01,CLOV,0.09820736251159595
447,2021-03-02,CLOV,-0.13725784102138025
448,2021-03-03,CLOV,-0.0866092056386485
449,2021-03-04,CLOV,-0.12854642375785288
450,2021-03-05,CLOV,0.07273531303727154
451,2021-03-08,CLOV,-0.06453855357547295
452,2021-03-09,CLOV,0.10821354638014213
453,2021-03-10,CLOV,-0.009816020835667759
454,2021-03-11,CLOV,0.0667709737981546
455,2021-03-12,CLOV,0.027305424765039665
456,2021-03-15,CLOV,-0.003935888995773583
457,2021-03-16,CLOV,-0.03031405679672512
458,2021-03-17,CLOV,0.016129421804768656
459,2021-03-18,CLOV,-0.032523160179136874
460,2021-03-19,CLOV,0.004711429290528981
461,2021-03-22,CLOV,0.032372737876355355
462,2021-03-23,CLOV,-0.06098014296935406
463,2021-03-24,CLOV,-0.07531793906169257
464,2021-03-25,CLOV,0.019367951182578152
465,2021-03-26,CLOV,-0.029852964997457484
466,2021-03-29,CLOV,-0.03349274809637986
467,2021-03-30,CLOV,-0.020647683723670436
468,2021-03-31,CLOV,0.05018000293130326
469,2021-04-01,CLOV,-0.024097528503317416
470,2021-04-05,CLOV,0.01612936642298423
471,2021-04-06,CLOV,0.014560168875929305
472,2021-04-07,CLOV,-0.03476288916860966
473,2021-04-08,CLOV,0.18571720187417673
474,2021-04-09,CLOV,-0.07506457401302083
475,2021-04-12,CLOV,-0.04866835160193813
476,2021-04-13,CLOV,-0.0012796199837708953
477,2021-04-14,CLOV,-0.05122588906353942
478,2021-04-15,CLOV,-0.009478767211907452
479,2021-04-16,CLOV,0.1823215351686861
480,2021-04-19,CLOV,0.09200648193668876
481,2021-04-20,CLOV,-0.1149432459555663
482,2021-04-21,CLOV,0.04867970738811693
483,2021-04-22,CLOV,-0.06269861529123928
484,2021-04-23,CLOV,0.03127069508436142
485,2021-04-26,CLOV,0.050038207949779666
486,2021-04-27,CLOV,0.0021667943524192055
487,2021-04-28,CLOV,0.12783339628064672
488,2021-04-29,CLOV,-0.03193303960114628
489,2021-04-30,CLOV,-0.03197072365044367
490,2021-05-03,CLOV,-0.05853294519238095
491,2021-05-04,CLOV,-0.025069382349310925
492,2021-05-05,CLOV,-0.024582272459570346
493,2021-05-06,CLOV,-0.07150093484299391
494,2021-05-07,CLOV,0.046299112331761504
495,2021-05-10,CLOV,-0.042660456156841366
496,2021-05-11,CLOV,-0.015863677606458845
497,2021-05-12,CLOV,-0.04400457247813879
498,2021-05-13,CLOV,-0.06917650479482619
499,2021-05-14,CLOV,0.02851511069480386
500,2021-05-17,CLOV,-0.0910354740322715
501,2021-05-18,CLOV,0.021755697645143394
502,2021-05-19,CLOV,-0.01882744072817372
503,2021-05-20,CLOV,0.04152349653419417
504,2021-05-21,CLOV,-0.02845146204577397
505,2021-05-24,CLOV,-0.0014440077763353458
506,2021-05-25,CLOV,0.01434743466598412
507,2021-05-26,CLOV,0.04321229016941014
508,2021-05-27,CLOV,0.06598699476880371
509,2021-05-28,CLOV,-0.024564914556191156
510,2021-01-04,FORD,0.0
511,2021-01-05,FORD,0.005305047197217218
512,2021-01-06,FORD,-0.021391169524983083
513,2021-01-07,FORD,0.03191757260510683
514,2021-01-08,FORD,0.005221939105117212
515,2021-01-11,FORD,0.025708393584907924
516,2021-01-12,FORD,0.04467239775171133
517,2021-01-13,FORD,-0.02955877446462216
518,2021-01-14,FORD,0.07232070593657008
519,2021-01-15,FORD,-0.04276193147194789
520,2021-01-19,FORD,0.07480125374711136
521,2021-01-20,FORD,0.11878352310247627
522,2021-01-21,FORD,0.05826894411168527
523,2021-01-22,FORD,0.05505972416541927
524,2021-01-25,FORD,-0.07026921900982876
525,2021-01-26,FORD,0.39905900345657797
526,2021-01-27,FORD,-0.17975418825636258
527,2021-01-28,FORD,-0.07339817127059187
528,2021-01-29,FORD,0.042145658041861954
529,2021-02-01,FORD,0.2161349128359406
530,2021-02-02,FORD,-0.12806590792969572
531,2021-02-03,FORD,0.04546233095194954
532,2021-02-04,FORD,0.005540175253055282
533,2021-02-05,FORD,0.18140038904664704
534,2021-02-08,FORD,0.0023014399062319967
535,2021-02-09,FORD,-0.023256840240719518
536,2021-02-10,FORD,-0.014218235345845086
537,2021-02-11,FORD,-0.06660907432536828
538,2021-02-12,FORD,0.06899280661114685
539,2021-02-16,FORD,0.1500607634398044
540,2021-02-17,FORD,-0.0291081558963865
541,2021-02-18,FORD,-0.06088831283457127
542,2021-02-19,FORD,0.02873128273089676
543,2021-02-22,FORD,-0.09596400320938238
544,2021-02-23,FORD,-0.13318886038415675
545,2021-02-24,FORD,0.07136447954264882
546,2021-02-25,FORD,-0.08793949467319467
547,2021-02-26,FORD,0.008321815632248535
548,2021-03-01,FORD,0.07961767904094626
549,2021-03-02,FORD,-0.036367671202459595
550,2021-03-03,FORD,-0.024097528503317416
551,2021-03-04,FORD,-0.1300531408116579
552,2021-03-05,FORD,-0.0030911896080080296
553,2021-03-08,FORD,0.0030911896080078717
554,2021-03-09,FORD,0.04820212692368266
555,2021-03-10,FORD,0.04035125669834219
556,2021-03-11,FORD,0.002820873685589742
557,2021-03-12,FORD,-0.03730701667260708
558,2021-03-15,FORD,0.008733671481950537
559,2021-03-16,FORD,-0.0234615344590948
560,2021-03-17,FORD,-0.024025157223084494
561,2021-03-18,FORD,-0.07574597819714102
562,2021-03-19,FORD,-0.02995229376185531
563,2021-03-22,FORD,-0.03787032040515782
564,2021-03-23,FORD,-0.05406717014738315
565,2021-03-24,FORD,0.09193749055254091
566,2021-03-25,FORD,0.0033726812242225266
567,2021-03-26,FORD,-0.016978320039428552
568,2021-03-29,FORD,-0.03130695771209884
569,2021-03-30,FORD,-0.017825767285058483
570,2021-03-31,FORD,0.02486804340720562
571,2021-04-01,FORD,-0.01058209954104666
572,2021-04-05,FORD,0.0348467811309983
573,2021-04-06,FORD,0.0034188034047501876
574,2021-04-07,FORD,0.030254379258050666
575,2021-04-08,FORD,-0.006644536402944578
576,2021-04-09,FORD,-0.0168071021524099
577,2021-04-12,FORD,-0.06657451024198283
578,2021-04-13,FORD,0.007220241137379365
579,2021-04-14,FORD,-0.01814930122760286
580,2021-04-15,FORD,0.007299295494986573
581,2021-04-16,FORD,0.0
582,2021-04-19,FORD,0.0072464016350320464
583,2021-04-20,FORD,-0.0405211582527287
584,2021-04-21,FORD,0.014925635610135516
585,2021-04-22,FORD,0.003696858297064305
586,2021-04-23,FORD,-0.0036968582970643505
587,2021-04-26,FORD,0.003696858297064305
588,2021-04-27,FORD,-0.011131829535814333
589,2021-04-28,FORD,0.011131829535814371
590,2021-04-29,FORD,0.0
591,2021-04-30,FORD,-0.0036968582970643505
592,2021-05-03,FORD,0.014706133209623233
593,2021-05-04,FORD,-0.07579385786859011
594,2021-05-05,FORD,-0.015873334137796888
595,2021-05-06,FORD,-0.0833816296711016
596,2021-05-07,FORD,0.054982182621502826
597,2021-05-10,FORD,-0.029229710237960217
598,2021-05-11,FORD,-0.02575247238354272
599,2021-05-12,FORD,-0.008733671785050415
600,2021-05-13,FORD,-0.0311828976272682
601,2021-05-14,FORD,0.0
602,2021-05-17,FORD,0.03118289762726816
603,2021-05-18,FORD,0.06782263233811488
604,2021-05-19,FORD,0.012220099466856656
605,2021-05-20,FORD,0.13605852247317993
606,2021-05-21,FORD,-0.06571700871031438
607,2021-05-24,FORD,-0.046340384554802584
608,2021-05-25,FORD,-0.052750514340708723
609,2021-05-26,FORD,0.016529285665789057
610,2021-05-27,FORD,0.14827862194003658
611,2021-05-28,FORD,0.007042276122147243
612,2021-01-04,GME,0.0
613,2021-01-05,GME,0.006932485090750144
614,2021-01-06,GME,0.05542978986777424
615,2021-01-07,GME,-0.015368067691660416
616,2021-01-08,GME,-0.02180681238273596
617,2021-01-11,GME,0.11972825295542582
618,2021-01-12,GME,0.0005013902615282695
619,2021-01-13,GME,0.4535786991870393
620,2021-01-14,GME,0.23981903447185263
621,2021-01-15,GME,-0.1170942187559727
622,2021-01-19,GME,0.10321739120958194
623,2021-01-20,GME,-0.006116269827894932
624,2021-01-21,GME,0.09526370061879813
625,2021-01-22,GME,0.41264361859455045
626,2021-01-25,GME,0.166533298188528
627,2021-01-26,GME,0.65600266536059
628,2021-01-27,GME,0.8537163690454002
629,2021-01-28,GME,-0.5849992633020238
630,2021-01-29,GME,0.5180309759608377
631,2021-02-01,GME,-0.3677247801253174
632,2021-02-02,GME,-0.916290731874155
633,2021-02-03,GME,0.026425567198612724
634,2021-02-04,GME,-0.546553583626917
635,2021-02-05,GME,0.17560121360357403
636,2021-02-08,GME,-0.060938305283434094
637,2021-02-09,GME,-0.17614067042229237
638,2021-02-10,GME,0.01753565514681486
639,2021-02-11,GME,-0.0019550795976088367
640,2021-02-12,GME,0.025122153097808058
641,2021-02-16,GME,-0.056731984975062766
642,2021-02-17,GME,-0.07483846810395155
643,2021-02-18,GME,-0.12135383910429662
644,2021-02-19,GME,-0.0024605936534568885
645,2021-02-22,GME,0.12511966187904028
646,2021-02-23,GME,-0.02264576856164668
647,2021-02-24,GME,0.7126357866605526
648,2021-02-25,GME,0.17023636129568961
649,2021-02-26,GME,-0.06644725748602932
650,2021-03-01,GME,0.16839902715047234
651,2021-03-02,GME,-0.01861065704830851
652,2021-03-03,GME,0.049523239894449594
653,2021-03-04,GME,0.0637178463953111
654,2021-03-05,GME,0.039917915207640264
655,2021-03-08,GME,0.3450642730612754
656,2021-03-09,GME,0.23855120857203468
657,2021-03-10,GME,0.07074645435568658
658,2021-03-11,GME,-0.019048194970694474
659,2021-03-12,GME,0.017159620282826284
660,2021-03-15,GME,-0.18357754647566926
661,2021-03-16,GME,-0.05590866003907613
662,2021-03-17,GME,0.007847302848728518
663,2021-03-18,GME,-0.03917304048227906
664,2021-03-19,GME,-0.0073628296992218
665,2021-03-22,GME,-0.02928570135188194
666,2021-03-23,GME,-0.06774865968532577
667,2021-03-24,GME,-0.41231107705277953
668,2021-03-25,GME,0.4232550987320968
669,2021-03-26,GME,-0.015079106827120305
670,2021-03-29,GME,0.0016561033276205144
671,2021-03-30,GME,0.07007338631376198
672,2021-03-31,GME,-0.024150227619788807
673,2021-04-01,GME,0.008550368695649931
674,2021-04-05,GME,-0.02378547688387186
675,2021-04-06,GME,-0.013191721618615527
676,2021-04-07,GME,-0.03603445985964885
677,2021-04-08,GME,-0.04428835542840827
678,2021-04-09,GME,-0.07245572210039196
679,2021-04-12,GME,-0.11547296742290604
680,2021-04-13,GME,-0.0007089538305840706
681,2021-04-14,GME,0.16648646120130753
682,2021-04-15,GME,-0.06250290054661377
683,2021-04-16,GME,-0.011249435462189676
684,2021-04-19,GME,0.06069682448106026
685,2021-04-20,GME,-0.03617611235721001
686,2021-04-21,GME,-0.00012619400019626937
687,2021-04-22,GME,-0.04741262890673755
688,2021-04-23,GME,6.61121689580103e-05
689,2021-04-26,GME,0.11101325316108407
690,2021-04-27,GME,0.051006219390133015
691,2021-04-28,GME,0.00454608637424639
692,2021-04-29,GME,-0.013473718283279212
693,2021-04-30,GME,-0.01486679627506295
694,2021-05-03,GME,-0.06786605291761291
695,2021-05-04,GME,-0.009104210867082272
696,2021-05-05,GME,-0.007807416276241293
697,2021-05-06,GME,0.009547945016728529
698,2021-05-07,GME,0.0006209245513761252
699,2021-05-10,GME,-0.1177054471892439
700,2021-05-11,GME,0.0255062903864632
701,2021-05-12,GME,-0.014603838064888802
702,2021-05-13,GME,0.1276261997817858
703,2021-05-14,GME,-0.02823689146309877
704,2021-05-17,GME,0.12161099603632422
705,2021-05-18,GME,0.00038747787238162663
706,2021-05-19,GME,-0.06777985031637868
707,2021-05-20,GME,0.009784373862344984
708,2021-05-21,GME,0.03628587334442094
709,2021-05-24,GME,0.018049824845309002
710,2021-05-25,GME,0.1513771452915326
711,2021-05-26,GME,0.14685957271057998
712,2021-05-27,GME,0.046596873936564066
713,2021-05-28,GME,-0.13516858445312704
714,2021-01-04,PLTR,0.0
715,2021-01-05,PLTR,0.05129327398373605
716,2021-01-06,PLTR,-0.04404531772067603
717,2021-01-07,PLTR,0.060174684143660305
718,2021-01-08,PLTR,0.007968199924551443
719,2021-01-11,PLTR,0.028556586527037096
720,2021-01-12,PLTR,0.0095951608187933
721,2021-01-13,PLTR,-0.02631731997420229
722,2021-01-14,PLTR,-0.023007755183573293
723,2021-01-15,PLTR,0.02848291126699878
724,2021-01-19,PLTR,0.03750923624558291
725,2021-01-20,PLTR,-0.010574142385243469
726,2021-01-21,PLTR,-0.013761708485540676
727,2021-01-22,PLTR,0.22637166575309434
728,2021-01-25,PLTR,0.10618883289635266
729,2021-01-26,PLTR,-0.024023519253001172
730,2021-01-27,PLTR,0.0976976731105961
731,2021-01-28,PLTR,-0.0895320379736171
732,2021-01-29,PLTR,-0.013551860171922022
733,2021-02-01,PLTR,-0.03529441349995241
734,2021-02-02,PLTR,-0.09055116197871291
735,2021-02-03,PLTR,0.02357547108009983
736,2021-02-04,PLTR,0.00908951597647383
737,2021-02-05,PLTR,0.06053285062706039
738,2021-02-08,PLTR,0.057076832378512764
739,2021-02-09,PLTR,0.05714297621850598
740,2021-02-10,PLTR,-0.06689910862964862
741,2021-02-11,PLTR,-0.07531534016323639
742,2021-02-12,PLTR,-0.03691593448487808
743,2021-02-16,PLTR,-0.13644559456122587
744,2021-02-17,PLTR,-0.02767839572038549
745,2021-02-18,PLTR,-0.07314263304834978
746,2021-02-19,PLTR,0.14164301780810348
747,2021-02-22,PLTR,-0.03509131981127006
748,2021-02-23,PLTR,-0.04567003683318832
749,2021-02-24,PLTR,-0.013549345954921186
750,2021-02-25,PLTR,-0.0965993923505036
751,2021-02-26,PLTR,-0.002507292060202404
752,2021-03-01,PLTR,0.03736833320141954
753,2021-03-02,PLTR,-0.013390337233179077
754,2021-03-03,PLTR,-0.037033539056715685
755,2021-03-04,PLTR,0.04719416313495177
756,2021-03-05,PLTR,-0.03204870731043159
757,2021-03-08,PLTR,-0.061564532113960194
758,2021-03-09,PLTR,0.07442508935196675
759,2021-03-10,PLTR,0.01999657606425949
760,2021-03-11,PLTR,0.07696102401066342
761,2021-03-12,PLTR,0.007082994585263318
762,2021-03-15,PLTR,-0.004840789879889623
763,2021-03-16,PLTR,-0.045045793686754466
764,2021-03-17,PLTR,-0.015742219160193135
765,2021-03-18,PLTR,-0.05002057437381496
766,2021-03-19,PLTR,0.014078914039646118
767,2021-03-22,PLTR,-0.004120334775025335
768,2021-03-23,PLTR,-0.040443552843928476
769,2021-03-24,PLTR,-0.06116221773307455
770,2021-03-25,PLTR,0.03149161614509605
771,2021-03-26,PLTR,0.0
772,2021-03-29,PLTR,-0.03837078214032611
773,2021-03-30,PLTR,0.01416525262170458
774,2021-03-31,PLTR,0.05516509738207314
775,2021-04-01,PLTR,-0.009491064248729222
776,2021-04-05,PLTR,0.01591092853542966
777,2021-04-06,PLTR,-0.007278990506801436
778,2021-04-07,PLTR,-0.016028103083911092
779,2021-04-08,PLTR,0.02202638108262773
780,2021-04-09,PLTR,0.026555872765751446
781,2021-04-12,PLTR,-0.029550514354483234
782,2021-04-13,PLTR,0.08536763536662036
783,2021-04-14,PLTR,-0.0700611884300203
784,2021-04-15,PLTR,-0.023480316278554028
785,2021-04-16,PLTR,-0.029813708415154242
786,2021-04-19,PLTR,-0.02386957645009808
787,2021-04-20,PLTR,-0.00731933015757911
788,2021-04-21,PLTR,0.03828427352921432
789,2021-04-22,PLTR,0.010112262505755648
790,2021-04-23,PLTR,0.023774589918547282
791,2021-04-26,PLTR,0.02946344252361129
792,2021-04-27,PLTR,-0.009585464127742499
793,2021-04-28,PLTR,-0.001257020051735645
794,2021-04-29,PLTR,-0.020331048867407452
795,2021-04-30,PLTR,-0.0142213088973609
796,2021-05-03,PLTR,-0.032645231310578546
797,2021-05-04,PLTR,-0.030043218480046298
798,2021-05-05,PLTR,-0.022903538317601512
799,2021-05-06,PLTR,-0.051417701033833994
800,2021-05-07,PLTR,-0.017068695074928215
801,2021-05-10,PLTR,-0.0670057343122422
802,2021-05-11,PLTR,0.09002972907993019
803,2021-05-12,PLTR,-0.06754483691223034
804,2021-05-13,PLTR,-0.02791370429055814
805,2021-05-14,PLTR,0.08900534611199874
806,2021-05-17,PLTR,0.01874742475226831
807,2021-05-18,PLTR,0.03741446982145955
808,2021-05-19,PLTR,-0.027202808213032923
809,2021-05-20,PLTR,-0.0029069528680160882
810,2021-05-21,PLTR,0.0067698221599994364
811,2021-05-24,PLTR,0.022397854150717017
812,2021-05-25,PLTR,0.012178147502081429
813,2021-05-26,PLTR,0.02935996626465453
814,2021-05-27,PLTR,0.02588274350286353
815,2021-05-28,PLTR,0.01095301165307871
816,2021-01-04,RKT,0.0
817,2021-01-05,RKT,-0.005515255084172384
818,2021-01-06,RKT,-0.02752454459200565
819,2021-01-07,RKT,0.01894084068738043
820,2021-01-08,RKT,0.011595840524214588
821,2021-01-11,RKT,-0.005529015412837571
822,2021-01-12,RKT,-0.010641144654927189
823,2021-01-13,RKT,0.015167155674522696
824,2021-01-14,RKT,0.011474255287472066
825,2021-01-15,RKT,-0.028170845856146796
826,2021-01-19,RKT,-0.003065905240406848
827,2021-01-20,RKT,0.016747432358869937
828,2021-01-21,RKT,0.005019967296914187
829,2021-01-22,RKT,0.003998087514795378
830,2021-01-25,RKT,0.14549205253813927
831,2021-01-26,RKT,-0.021356212526148145
832,2021-01-27,RKT,0.013129229521233493
833,2021-01-28,RKT,-0.07631777283158828
834,2021-01-29,RKT,0.002343557021005843
835,2021-02-01,RKT,0.008391711246158713
836,2021-02-02,RKT,-0.0282505215019565
837,2021-02-03,RKT,0.01281150368909766
838,2021-02-04,RKT,0.016830707396710495
839,2021-02-05,RKT,0.0027777667320847423
840,2021-02-08,RKT,-0.00046233331677564195
841,2021-02-09,RKT,-0.017261928785786893
842,2021-02-10,RKT,-0.014695715715330532
843,2021-02-11,RKT,-0.012977867296356218
844,2021-02-12,RKT,0.0004837702046930127
845,2021-02-16,RKT,-0.005333417704600761
846,2021-02-17,RKT,-0.025604528670580246
847,2021-02-18,RKT,0.0009970043940184755
848,2021-02-19,RKT,0.009915849996039812
849,2021-02-22,RKT,0.006882983942841301
850,2021-02-23,RKT,-0.020292706836572343
851,2021-02-24,RKT,0.015873275303363004
852,2021-02-25,RKT,-0.0208858938421981
853,2021-02-26,RKT,0.0934812347886348
854,2021-03-01,RKT,0.10627545191974788
855,2021-03-02,RKT,0.537623741114432
856,2021-03-03,RKT,-0.39553848099103556
857,2021-03-04,RKT,-0.041923419741703424
858,2021-03-05,RKT,-0.0677703347749036
859,2021-03-08,RKT,0.0295709156387494
860,2021-03-09,RKT,0.031078226459110375
861,2021-03-10,RKT,0.01788542960351702
862,2021-03-11,RKT,-0.004635034858207519
863,2021-03-12,RKT,-0.032260850112913526
864,2021-03-15,RKT,0.031098708315134185
865,2021-03-16,RKT,-0.03149863748807392
866,2021-03-17,RKT,-0.020202707317519466
867,2021-03-18,RKT,-0.058840483509092635
868,2021-03-19,RKT,-0.0012995750841788378
869,2021-03-22,RKT,-0.0034737301380325016
870,2021-03-23,RKT,0.0021725467447420654
871,2021-03-24,RKT,-0.02282805196564644
872,2021-03-25,RKT,-0.002222767959558344
873,2021-03-26,RKT,0.06211571944955824
874,2021-03-29,RKT,-0.0046112264673239985
875,2021-03-30,RKT,-0.02553323706356401
876,2021-03-31,RKT,-0.0047526815827838645
877,2021-04-01,RKT,-0.023664597859349493
878,2021-04-05,RKT,-0.0048899276615972575
879,2021-04-06,RKT,0.009314730633258042
880,2021-04-07,RKT,-0.003095279744424837
881,2021-04-08,RKT,-0.00044297803454509504
882,2021-04-09,RKT,0.007943568088817063
883,2021-04-12,RKT,-0.025825118327424745
884,2021-04-13,RKT,0.035884225430984636
885,2021-04-14,RKT,-0.032282243888270036
886,2021-04-15,RKT,0.0226626107022005
887,2021-04-16,RKT,-0.028522404720289423
888,2021-04-19,RKT,-0.004985308656797096
889,2021-04-20,RKT,-0.015568086868378189
890,2021-04-21,RKT,0.010557800334761076
891,2021-04-22,RKT,-0.0013707463413438023
892,2021-04-23,RKT,0.012721606206632732
893,2021-04-26,RKT,0.018784098039107543
894,2021-04-27,RKT,0.014515316593984631
895,2021-04-28,RKT,-0.001748208835919544
896,2021-04-29,RKT,0.001748208835919545
897,2021-04-30,RKT,-0.019846245729924473
898,2021-05-03,RKT,0.0022246610381716943
899,2021-05-04,RKT,-0.00044455341619938657
900,2021-05-05,RKT,0.013689746703962623
901,2021-05-06,RKT,-0.1817953339577246
902,2021-05-07,RKT,-0.04960586069827914
903,2021-05-10,RKT,-0.024057121306631103
904,2021-05-11,RKT,-0.02988730897564601
905,2021-05-12,RKT,-0.027204462333346325
906,2021-05-13,RKT,-0.00601327012092665
907,2021-05-14,RKT,0.04481883504657471
908,2021-05-17,RKT,0.022805983827254413
909,2021-05-18,RKT,-0.007355006811925897
910,2021-05-19,RKT,-0.029973451111498167
911,2021-05-20,RKT,0.008158517916020784
912,2021-05-21,RKT,-0.01697430322167866
913,2021-05-24,RKT,-0.0023641213934771995
914,2021-05-25,RKT,-0.0053396837065636665
915,2021-05-26,RKT,0.03793858232546285
916,2021-05-27,RKT,0.049717097313366515
917,2021-05-28,RKT,-0.03550019518988135
918,2021-01-04,SENS,0.0
919,2021-01-05,SENS,0.021277378208016763
920,2021-01-06,SENS,-0.05629190162004437
921,2021-01-07,SENS,-0.020248168372547802
922,2021-01-08,SENS,-0.014882943972602829
923,2021-01-11,SENS,-0.018626816620180477
924,2021-01-12,SENS,0.025523443873818812
925,2021-01-13,SENS,0.01928586131833895
926,2021-01-14,SENS,0.298855428859498
927,2021-01-15,SENS,0.27510327767010173
928,2021-01-19,SENS,0.5898940866178165
929,2021-01-20,SENS,-0.06524045983163276
930,2021-01-21,SENS,-0.09831092929165094
931,2021-01-22,SENS,-0.04652007193207782
932,2021-01-25,SENS,0.24455768675275932
933,2021-01-26,SENS,-0.038001164564658955
934,2021-01-27,SENS,-0.1235212726068475
935,2021-01-28,SENS,-0.028284686588075182
936,2021-01-29,SENS,-0.0291081558963865
937,2021-02-01,SENS,0.12665130802556218
938,2021-02-02,SENS,0.018416708995248374
939,2021-02-03,SENS,-0.0036563076970486936
940,2021-02-04,SENS,-0.022223115196824315
941,2021-02-05,SENS,0.12648410909228858
942,2021-02-08,SENS,0.20516106589701927
943,2021-02-09,SENS,0.04725290161281101
944,2021-02-10,SENS,-0.02072617244601174
945,2021-02-11,SENS,-0.002621231022660009
946,2021-02-12,SENS,0.08788586347327343
947,2021-02-16,SENS,0.23651532134062378
948,2021-02-17,SENS,-0.10178264260626682
949,2021-02-18,SENS,-0.05395051206330837
950,2021-02-19,SENS,0.026259688550964767
951,2021-02-22,SENS,-0.12401188545314087
952,2021-02-23,SENS,-0.09482133138628533
953,2021-02-24,SENS,0.14489139108048366
954,2021-02-25,SENS,-0.12098589293634433
955,2021-02-26,SENS,-0.1079886007374316
956,2021-03-01,SENS,0.014514028821105977
957,2021-03-02,SENS,-0.05326704902133476
958,2021-03-03,SENS,-0.030866618448254904
959,2021-03-04,SENS,-0.17047971984890736
960,2021-03-05,SENS,-0.08128264701748093
961,2021-03-08,SENS,0.01600032608667546
962,2021-03-09,SENS,0.140451875923261
963,2021-03-10,SENS,0.05696676997633941
964,2021-03-11,SENS,0.0782872229667174
965,2021-03-12,SENS,-0.04623315086412641
966,2021-03-15,SENS,-0.0031595571962489775
967,2021-03-16,SENS,-0.0893155163370681
968,2021-03-17,SENS,0.07977650269129218
969,2021-03-18,SENS,-0.04910973419684301
970,2021-03-19,SENS,0.09592010675560961
971,2021-03-22,SENS,-0.06291384145870002
972,2021-03-23,SENS,-0.026317283546611645
973,2021-03-24,SENS,-0.10166363970012662
974,2021-03-25,SENS,0.06084168491630049
975,2021-03-26,SENS,-0.04618942220580375
976,2021-03-29,SENS,-0.0953101798043249
977,2021-03-30,SENS,0.08065791709382795
978,2021-03-31,SENS,-0.026169692073329243
979,2021-04-01,SENS,-0.022989587532424898
980,2021-04-05,SENS,-0.011696028891390823
981,2021-04-06,SENS,0.019418067876816054
982,2021-04-07,SENS,-0.02334734233570233
983,2021-04-08,SENS,0.027186115129478976
984,2021-04-09,SENS,-0.10919928845160283
985,2021-04-12,SENS,-0.08004263125732523
986,2021-04-13,SENS,-0.01869222673014813
987,2021-04-14,SENS,0.0
988,2021-04-15,SENS,-0.06831918036283685
989,2021-04-16,SENS,-0.04652003283681055
990,2021-04-19,SENS,-0.021391169524983083
991,2021-04-20,SENS,-0.04420611616796738
992,2021-04-21,SENS,0.16138832122368774
993,2021-04-22,SENS,-0.06453846000460177
994,2021-04-23,SENS,0.02531778353110258
995,2021-04-26,SENS,0.0998453522307896
996,2021-04-27,SENS,-0.05105523347442126
997,2021-04-28,SENS,0.08223813110168947
998,2021-04-29,SENS,-0.07275939571564853
999,2021-04-30,SENS,0.0
1000,2021-05-03,SENS,-0.043380255742367826
1001,2021-05-04,SENS,-0.04020638193114397
1002,2021-05-05,SENS,0.01020416024401339
1003,2021-05-06,SENS,-0.030930332690025198
1004,2021-05-07,SENS,-0.010526403080123783
1005,2021-05-10,SENS,-0.04879018309154183
1006,2021-05-11,SENS,0.032789857004866425
1007,2021-05-12,SENS,-0.021739965507499924
1008,2021-05-13,SENS,-0.06234313708579247
1009,2021-05-14,SENS,0.11583177086520886
1010,2021-05-17,SENS,0.02061932901721869
1011,2021-05-18,SENS,0.08786138534923459
1012,2021-05-19,SENS,0.00466200844211412
1013,2021-05-20,SENS,-0.023530587180201755
1014,2021-05-21,SENS,-0.04879011875636827
1015,2021-05-24,SENS,-0.005012537031211045
1016,2021-05-25,SENS,-0.06755814811270257
1017,2021-05-26,SENS,0.05745706185682438
1018,2021-05-27,SENS,0.04951501775456487
1019,2021-05-28,SENS,-0.00484262000285356
1020,2021-01-04,WKHS,0.0
1021,2021-01-05,WKHS,0.04607429355640222
1022,2021-01-06,WKHS,0.052963736670329886
1023,2021-01-07,WKHS,0.15445268773632748
1024,2021-01-08,WKHS,-0.07659153712232232
1025,2021-01-11,WKHS,0.007598660699168507
1026,2021-01-12,WKHS,-0.029147386786642193
1027,2021-01-13,WKHS,-0.01937104674435767
1028,2021-01-14,WKHS,0.002848412613604296
1029,2021-01-15,WKHS,-0.0529842558078986
1030,2021-01-19,WKHS,0.017834870731495044
1031,2021-01-20,WKHS,-0.018263421364387175
1032,2021-01-21,WKHS,-0.020788948728399745
1033,2021-01-22,WKHS,0.02847473825275671
1034,2021-01-25,WKHS,0.04978211066214616
1035,2021-01-26,WKHS,0.2641371680980021
1036,2021-01-27,WKHS,0.07827221380924483
1037,2021-01-28,WKHS,-0.050084128572925386
1038,2021-01-29,WKHS,0.03619502944373782
1039,2021-02-01,WKHS,0.12423719392802277
1040,2021-02-02,WKHS,-0.1274474874281833
1041,2021-02-03,WKHS,0.05238887034005608
1042,2021-02-04,WKHS,0.1369237153770805
1043,2021-02-05,WKHS,-0.017816201216875268
1044,2021-02-08,WKHS,-0.02392337016323282
1045,2021-02-09,WKHS,0.013527187726579707
1046,2021-02-10,WKHS,-0.043999457935170815
1047,2021-02-11,WKHS,-0.026345043780160053
1048,2021-02-12,WKHS,-0.03449087294685828
1049,2021-02-16,WKHS,-0.05919218530477227
1050,2021-02-17,WKHS,-0.050506684594660636
1051,2021-02-18,WKHS,-0.03802503663600348
1052,2021-02-19,WKHS,0.05423578417083325
1053,2021-02-22,WKHS,-0.0503994354676836
1054,2021-02-23,WKHS,-0.6436583167009284
1055,2021-02-24,WKHS,-0.0845573897316309
1056,2021-02-25,WKHS,0.22089386849082993
1057,2021-02-26,WKHS,-0.15441572554768004
1058,2021-03-01,WKHS,0.06985830184490303
1059,2021-03-02,WKHS,-0.07233514004439155
1060,2021-03-03,WKHS,-0.07797824021861721
1061,2021-03-04,WKHS,-0.031316380520428164
1062,2021-03-05,WKHS,-0.051803032929241245
1063,2021-03-08,WKHS,0.1212568374857203
1064,2021-03-09,WKHS,0.05338789674954287
1065,2021-03-10,WKHS,-0.025396273637436805
1066,2021-03-11,WKHS,0.09336923389216126
1067,2021-03-12,WKHS,-0.03666393462450325
1068,2021-03-15,WKHS,0.055345481291119054
1069,2021-03-16,WKHS,-0.0660726579236819
1070,2021-03-17,WKHS,0.01427744449838197
1071,2021-03-18,WKHS,-0.0947197295219622
1072,2021-03-19,WKHS,0.04569330449128433
1073,2021-03-22,WKHS,-0.03086863738484516
1074,2021-03-23,WKHS,-0.0722886822734759
1075,2021-03-24,WKHS,-0.09592934805981662
1076,2021-03-25,WKHS,0.026887329935805268
1077,2021-03-26,WKHS,-0.008882359490956471
1078,2021-03-29,WKHS,-0.03942887548090292
1079,2021-03-30,WKHS,0.03570446210306072
1080,2021-03-31,WKHS,0.027237667495136942
1081,2021-04-01,WKHS,0.02651533876456563
1082,2021-04-05,WKHS,-0.06652074122224272
1083,2021-04-06,WKHS,0.04290605427975441
1084,2021-04-07,WKHS,-0.04479745783474968
1085,2021-04-08,WKHS,0.01540514594348296
1086,2021-04-09,WKHS,-0.025298690551688586
1087,2021-04-12,WKHS,-0.056236571110611554
1088,2021-04-13,WKHS,0.05547144260233327
1089,2021-04-14,WKHS,-0.03703400667893116
1090,2021-04-15,WKHS,-0.07759671290849815
1091,2021-04-16,WKHS,0.1271807962589085
1092,2021-04-19,WKHS,-0.04879009929362802
1093,2021-04-20,WKHS,-0.026539548202434936
1094,2021-04-21,WKHS,0.015366220390489762
1095,2021-04-22,WKHS,0.017108048104500256
1096,2021-04-23,WKHS,0.00039440855120800536
1097,2021-04-26,WKHS,0.04246097044986471
1098,2021-04-27,WKHS,-0.01753758606489831
1099,2021-04-28,WKHS,0.0023050131818316637
1100,2021-04-29,WKHS,-0.03276424789277007
1101,2021-04-30,WKHS,-0.017600399399882307
1102,2021-05-03,WKHS,-0.05644654248344935
1103,2021-05-04,WKHS,-0.044529419596116476
1104,2021-05-05,WKHS,-0.019838366880446982
1105,2021-05-06,WKHS,-0.13327120713407542
1106,2021-05-07,WKHS,0.0031169569802194166
1107,2021-05-10,WKHS,-0.1617870132269892
1108,2021-05-11,WKHS,0.0048661851346001326
1109,2021-05-12,WKHS,-0.06907952518601357
1110,2021-05-13,WKHS,-0.02768799642212727
1111,2021-05-14,WKHS,0.07963131423710272
1112,2021-05-17,WKHS,0.018349091573169593
1113,2021-05-18,WKHS,0.0870113769896297
1114,2021-05-19,WKHS,-0.0011117543122943668
1115,2021-05-20,WKHS,-0.04667891841612233
1116,2021-05-21,WKHS,-0.014084726480572386
1117,2021-05-24,WKHS,-0.01788951876448377
1118,2021-05-25,WKHS,-0.020669437171056012
1119,2021-05-26,WKHS,0.1147754849497887
1120,2021-05-27,WKHS,0.052278545639990445
1121,2021-05-28,WKHS,-0.02633116874468408
1122,2021-01-04,WWE,0.0
1123,2021-01-05,WWE,0.016800028218093736
1124,2021-01-06,WWE,0.009946204852492393
1125,2021-01-07,WWE,-0.0014443181748559604
1126,2021-01-08,WWE,-0.003930840266648822
1127,2021-01-11,WWE,-0.020735962626354947
1128,2021-01-12,WWE,0.030431679761315767
1129,2021-01-13,WWE,0.029732252782260944
1130,2021-01-14,WWE,0.029454291384704307
1131,2021-01-15,WWE,-0.016584082745314577
1132,2021-01-19,WWE,0.024294243554264336
1133,2021-01-20,WWE,-0.010228843123008383
1134,2021-01-21,WWE,0.01997382089101476
1135,2021-01-22,WWE,0.05421729938927274
1136,2021-01-25,WWE,-0.028500312980943878
1137,2021-01-26,WWE,0.06284603626631907
1138,2021-01-27,WWE,-0.0003481231824312755
1139,2021-01-28,WWE,-0.01667722445065948
1140,2021-01-29,WWE,-0.0028364001616853042
1141,2021-02-01,WWE,0.021948012124397145
1142,2021-02-02,WWE,-0.007320946849238135
1143,2021-02-03,WWE,-0.011436756200764028
1144,2021-02-04,WWE,-0.009065912192260299
1145,2021-02-05,WWE,-0.12884852401674526
1146,2021-02-08,WWE,-0.03745914155870821
1147,2021-02-09,WWE,-0.0038030278772786317
1148,2021-02-10,WWE,-0.011925153540540653
1149,2021-02-11,WWE,0.008107607411345025
1150,2021-02-12,WWE,-0.013908531978731983
1151,2021-02-16,WWE,0.0019374103003621413
1152,2021-02-17,WWE,0.021066914828741293
1153,2021-02-18,WWE,-0.004643403816151354
1154,2021-02-19,WWE,-0.009778912219792026
1155,2021-02-22,WWE,0.01946320273585406
1156,2021-02-23,WWE,0.010628488090756286
1157,2021-02-24,WWE,0.03202716310655912
1158,2021-02-25,WWE,-0.018438381951027906
1159,2021-02-26,WWE,0.01017309607322399
1160,2021-03-01,WWE,0.06067224119329907
1161,2021-03-02,WWE,0.0077806099933639865
1162,2021-03-03,WWE,-0.02062719521691357
1163,2021-03-04,WWE,0.014559701463595828
1164,2021-03-05,WWE,0.03586487233619196
1165,2021-03-08,WWE,0.04045491854144522
1166,2021-03-09,WWE,-0.012054754695239105
1167,2021-03-10,WWE,0.02030265358446904
1168,2021-03-11,WWE,0.018355395217315357
1169,2021-03-12,WWE,-0.016469072734455813
1170,2021-03-15,WWE,0.008008383599250461
1171,2021-03-16,WWE,0.0008666791776099793
1172,2021-03-17,WWE,-0.020124951093965986
1173,2021-03-18,WWE,-0.010841670523514917
1174,2021-03-19,WWE,0.020517165894940567
1175,2021-03-22,WWE,0.010795903972350016
1176,2021-03-23,WWE,-0.02401312015899122
1177,2021-03-24,WWE,0.0038952107056166763
1178,2021-03-25,WWE,-0.023963953452945788
1179,2021-03-26,WWE,-0.004535155165391262
1180,2021-03-29,WWE,0.019624361008186365
1181,2021-03-30,WWE,-0.002499097846629202
1182,2021-03-31,WWE,-0.030671172097020877
1183,2021-04-01,WWE,0.0242160554132512
1184,2021-04-05,WWE,-0.0018004771243537482
1185,2021-04-06,WWE,0.010041281320498922
1186,2021-04-07,WWE,0.007996502245991875
1187,2021-04-08,WWE,-0.007283091911738017
1188,2021-04-09,WWE,0.03967318787231633
1189,2021-04-12,WWE,-0.0270944218179005
1190,2021-04-13,WWE,-0.007954098887884436
1191,2021-04-14,WWE,-0.0021317992439936284
1192,2021-04-15,WWE,0.009029044799229995
1193,2021-04-16,WWE,-0.006719761102428831
1194,2021-04-19,WWE,0.006719761102428852
1195,2021-04-20,WWE,-0.0028238607267793486
1196,2021-04-21,WWE,0.006342459496033213
1197,2021-04-22,WWE,-0.012725470540324024
1198,2021-04-23,WWE,-0.03603833477953747
1199,2021-04-26,WWE,0.025308577190203557
1200,2021-04-27,WWE,0.002334580738207381
1201,2021-04-28,WWE,-0.003593907988872805
1202,2021-04-29,WWE,0.002337519155695723
1203,2021-04-30,WWE,-0.010289822536756294
1204,2021-05-03,WWE,0.01405426339072578
1205,2021-05-04,WWE,-0.028124855554797344
1206,2021-05-05,WWE,-0.002395230422509039
1207,2021-05-06,WWE,0.013740254872312962
1208,2021-05-07,WWE,-0.001638899651431463
1209,2021-05-10,WWE,-0.005116013015767435
1210,2021-05-11,WWE,-0.009941188619049522
1211,2021-05-12,WWE,-0.023208937246562703
1212,2021-05-13,WWE,0.0
1213,2021-05-14,WWE,0.016526146133109272
1214,2021-05-17,WWE,0.0039037673680675056
1215,2021-05-18,WWE,-0.01740476762277885
1216,2021-05-19,WWE,-0.005300080444018577
1217,2021-05-20,WWE,0.03615754380183813
1218,2021-05-21,WWE,0.05207091995147365
1219,2021-05-24,WWE,0.0064085945530400765
1220,2021-05-25,WWE,-0.011111215122715117
1221,2021-05-26,WWE,-0.007007697067849544
1222,2021-05-27,WWE,-0.0036988664026842495
1223,2021-05-28,WWE,-0.014754476683990004
